insert into Types(Type) values("Korean");
insert into Types(Type) values("Japanese");
insert into Types(Type) values("Chinese");
insert into Types(Type) values("LightWestern");
insert into Types(Type) values("Asian");
insert into Types(Type) values("Bunsik");
insert into Types(Type) values("Chicken");
insert into Types(Type) values("Dessert");
insert into Types(Type) values("Etc");

INSERT INTO hashtag (hashtag_code, hashtag) VALUES (1, '#데이트');
INSERT INTO hashtag (hashtag_code, hashtag) VALUES (2, '#사진');
INSERT INTO hashtag (hashtag_code, hashtag) VALUES (3, '#혼밥');
INSERT INTO hashtag (hashtag_code, hashtag) VALUES (4, '#넓은');
INSERT INTO hashtag (hashtag_code, hashtag) VALUES (5, '#주차');
INSERT INTO hashtag (hashtag_code, hashtag) VALUES (6, '#건강한');
INSERT INTO hashtag (hashtag_code, hashtag) VALUES (7, '#트렌디한');
INSERT INTO hashtag (hashtag_code, hashtag) VALUES (8, '#새로오픈');
INSERT INTO hashtag (hashtag_code, hashtag) VALUES (9, '#특이한');
INSERT INTO hashtag (hashtag_code, hashtag) VALUES (10, '#이색적인');
INSERT INTO hashtag (hashtag_code, hashtag) VALUES (11, '#브런치');
INSERT INTO hashtag (hashtag_code, hashtag) VALUES (12, '#편안한');

insert into Restaurant values('3230000-101-2023-00343','Daepo Jjimdak', 2);
insert into Restaurant values('3230000-101-2023-00222','CAFE jongnosijang', 7);
insert into Restaurant values('3150000-101-2023-00052','n.GRILL', 1);
insert into Restaurant values('3130000-101-2023-00288','Wangsimni Imone Gopchang', 2);
insert into Restaurant values('3150000-101-2023-00204','853', 9);
insert into Restaurant values('3220000-101-2023-00450','Jihwaja', 2);
insert into Restaurant values('3220000-101-2023-00454','Banjjakbanjjak Binnaneun', 1);
insert into Restaurant values('3110000-101-2023-00070','Yeontabal', 4);
insert into Restaurant values('3180000-101-2022-00409','Bueongi Dongaseu', 1);
insert into Restaurant values('3060000-101-2022-00139','Parks BBQ', 7);
insert into Restaurant values('3050000-101-2022-00115','PAULIN PANCAKE', 9);
insert into Restaurant values('3030000-101-2023-00210','Yangyeonhwaro', 9);
insert into Restaurant values('3000000-101-1995-05197','Chadolbakkin Jjukkumi', 6);
insert into Restaurant values('3050000-101-2021-00370','Yennaljip', 6);
insert into Restaurant values('3150000-101-2021-00222','Hangaram', 2);
insert into Restaurant values('3030000-101-2019-00154','Samjeongjip', 4);
insert into Restaurant values('3120000-101-2018-00357','Gyeongbokgung', 4);
insert into Restaurant values('3240000-101-2018-00348','Jinhyang Jokbal', 1);
insert into Restaurant values('3180000-101-2018-00102','Jalppajin Memil', 1);
insert into Restaurant values('3220000-101-2017-01267','Yukdaejang', 5);
insert into Restaurant values('3090000-101-2018-00051','YOU ARE HERE CAFE', 2);
insert into Restaurant values('3150000-101-2017-00622','Gomguk Sijip', 2);
insert into Restaurant values('3150000-101-2017-00465','63 BUFFET PAVILION', 1);
insert into Restaurant values('3210000-101-2017-00296','SHUCHIKU', 1);
insert into Restaurant values('3070000-101-2016-00320','WALKING ON THE CLOUD', 9);
insert into Restaurant values('3150000-101-2016-00357','Geumseonggwan Naju Gomtang', 9);
insert into Restaurant values('3240000-101-2016-00281','Bodolmiyeok', 1);
insert into Restaurant values('3020000-101-2015-00095','NOBIZIB', 2);
insert into Restaurant values('3120000-101-2014-00234','Raon', 1);
insert into Restaurant values('3090000-101-2013-00100','Daebak Gamjatang', 2);
insert into Restaurant values('3040000-101-2013-00116','Gyodong Jjambbong', 1);
insert into Restaurant values('3030000-101-2011-00076','Goguryeo', 1);
insert into Restaurant values('3240000-101-2010-00326','Neoseomga', 1);
insert into Restaurant values('3160000-101-2009-00202','Majangdong Hanu Chon', 1);
insert into Restaurant values('3050000-101-2009-00112','Giwajip', 1);
insert into Restaurant values('3000000-101-2008-00163','Chamjoheunseupa Snack', 1);
insert into Restaurant values('3140000-101-2010-00207','Hwangto Chueotang', 1);
insert into Restaurant values('3200000-101-2008-00210','Guldarijeonju Kongnamul Gukbap', 2);
insert into Restaurant values('3180000-101-2011-00228','Yukbaekdeoyukbaek', 1);
insert into Restaurant values('3120000-101-2008-00013','Gounnim Hanu Gopchang', 9);
insert into Restaurant values('3130000-101-2006-00538','Jangsudak Hanmari Son Kalguksu', 7);
insert into Restaurant values('3010000-101-2006-00389','Eorayeon Chamchi&Sushi', 6);
insert into Restaurant values('3070000-101-2002-00276','Myeongdongjeong', 1);
insert into Restaurant values('3210000-101-1999-15148','Geumgye Jjimdak', 1);
insert into Restaurant values('3160000-101-1998-04796','Myeongdong Hanu Bang', 1);
insert into Restaurant values('3030000-101-1998-01567','Gu Bonga Cheombeong', 3);
insert into Restaurant values('3230000-101-1997-10813','Kunseuteuhalle', 1);
insert into Restaurant values('3010000-101-1996-08483','YELLOW TABLE BBQ', 4);
insert into Restaurant values('3110000-101-1994-07075','KAWAKATSU OTOKO', 2);
insert into Restaurant values('3230000-101-2013-00479','MR.hyang', 9);
insert into Restaurant values('3150000-101-2023-00126','Samhobokjip', 1);
insert into Restaurant values('3110000-101-2023-00071','Chingnin', 9);
insert into Restaurant values('3150000-101-2023-00124','ASHLEY QUEENS', 1);
insert into Restaurant values('3220000-101-2023-00259','Yesoban', 2);
insert into Restaurant values('3220000-101-2023-00663','Dubu Uichueok151', 9);
insert into Restaurant values('3190000-101-2022-00012','SWEET BALANCE', 2);
insert into Restaurant values('3150000-101-2021-00182','Cheomakkeut Haneulpunggyeong', 9);
insert into Restaurant values('3020000-101-2020-00490','Okjeong', 9);
insert into Restaurant values('3150000-101-2020-00212','Jangsugalmaegi', 9);
insert into Restaurant values('3110000-101-2019-00434','LOTTERIA', 9);
insert into Restaurant values('3110000-101-2019-00427','Nolboo Bossam Nolboo Budaejjigae', 1);
insert into Restaurant values('3080000-101-2019-00210','Geurim Nabe', 1);
insert into Restaurant values('3230000-101-2018-00651','Ttaengsuni Agujjim', 9);
insert into Restaurant values('3180000-101-2023-00045','Ise Dongaseu', 6);
insert into Restaurant values('3240000-101-2017-00190','Gwangyang Bulgogi', 4);
insert into Restaurant values('3130000-101-2017-00223','Jinpungjeong', 2);
insert into Restaurant values('3150000-101-2017-00012','Dop Gamjatang Jeonmunjeom', 1);
insert into Restaurant values('3220000-101-2016-00957','Hamheung Naengmyeon', 9);
insert into Restaurant values('3040000-101-2016-00082','AL Lume', 1);
insert into Restaurant values('3100000-101-2015-00018','Myeoncheon Chueotang', 2);
insert into Restaurant values('3000000-101-2013-00291','Jinhanbang Samgyetang Mannajeong', 4);
insert into Restaurant values('3090000-101-2013-00012','Bugakjeong', 1);
insert into Restaurant values('3010000-101-2014-00038','Redbrick', 9);
insert into Restaurant values('3010000-101-2010-00354','Aokki', 1);
insert into Restaurant values('3230000-101-2010-00507','Sinsa Ppeollakji', 1);
insert into Restaurant values('3100000-101-2009-00297','OUR', 8);
insert into Restaurant values('3240000-101-2009-00108','Shabu O', 6);
insert into Restaurant values('3140000-101-2008-00134','Jihohanbang Samgyetang', 7);
insert into Restaurant values('3140000-101-2007-00388','Grand Inteokeontinental Seoul Pareunaseu Robi Raunji&ba', 6);
insert into Restaurant values('3030000-101-2009-00060','HOBO korean BBQ restaurant', 1);
insert into Restaurant values('3020000-101-2006-00179','Dureyu', 1);
insert into Restaurant values('3080000-101-2006-00203','Ilmirigeumgye Jjimdak', 1);
insert into Restaurant values('3220000-101-2005-00634','Seokparang', 4);
insert into Restaurant values('3140000-101-2005-00037','Junior Seu Cheese Cake Aen Dessert', 1);
insert into Restaurant values('3140000-101-2004-00422','MiSoYa', 7);
insert into Restaurant values('3140000-101-2004-00313','Welliseuro', 1);
insert into Restaurant values('3230000-101-2003-00559','Sinseon Seollongtang', 1);
insert into Restaurant values('3060000-101-2002-00594','Namdohyang', 1);
insert into Restaurant values('3230000-101-2002-17462','Nolbu Budaejjigae', 1);
insert into Restaurant values('3200000-101-2001-11145','Seorakchik Naengmyeon', 6);
insert into Restaurant values('3230000-101-1999-14496','Gajokcheonha', 1);
insert into Restaurant values('3220000-101-1999-19972','Maeil Nakji', 1);
insert into Restaurant values('3060000-101-1994-04878','Buria', 9);
insert into Restaurant values('3220000-101-1993-15652','Insadong Dubu Maeul', 1);
insert into Restaurant values('3110000-101-1991-05301','Chunhyanggol Namwon Chueotang', 1);
insert into Restaurant values('3110000-101-1989-05481','Giwang Saenggogi', 1);
insert into Restaurant values('3020000-101-1986-07037','Myeongtaeeojang', 1);
insert into Restaurant values('3170000-101-1985-04787','Geumsu Bokguk', 7);
insert into Restaurant values('3030000-101-1976-05969','Songgane', 1);
insert into Restaurant values('3220000-101-1999-20467','Geonganghan Haru Gimbap', 1);
insert into Restaurant values('3180000-101-2023-00328','Hanu Myeongjak Bulgom', 2);
insert into Restaurant values('3060000-101-2023-00125','Sampung Sutbulgalbi', 9);
insert into Restaurant values('3230000-101-2023-00342','Neungi Beoseot Baeksuk', 1);
insert into Restaurant values('3000000-101-2001-12186','Hanokjip Kimchi Jjim', 1);
insert into Restaurant values('3220000-101-2023-00648','H5NG', 3);
insert into Restaurant values('3220000-101-2023-00650','Apgujeongharu', 1);
insert into Restaurant values('3220000-101-2023-00649','69Chuncheon Dakgalbi', 1);
insert into Restaurant values('3220000-101-2023-00654','nolboo budaejjigae', 4);
insert into Restaurant values('3150000-101-2019-00698','Hwagiaeae', 1);
insert into Restaurant values('3220000-101-2019-01027','Sinmapogalmaegi', 1);
insert into Restaurant values('3220000-101-2013-00273','Yangcholli', 1);
insert into Restaurant values('3100000-101-2001-07469','Namdogudeul Hanjeongsik', 1);
insert into Restaurant values('3070000-101-2001-10821','Minso Hanu', 7);
insert into Restaurant values('3160000-101-1997-02406','Mapo Galbi', 1);
insert into Restaurant values('3220000-101-1996-14123','Sinuijuchapssal Sundae Jeonmunjeom', 1);
insert into Restaurant values('3000000-101-1991-01532','Hanil', 1);
insert into Restaurant values('3200000-101-1990-05349','Songnim Sikdang', 7);
insert into Restaurant values('3050000-101-1990-01344','A TWOSOME PLACE', 8);
insert into Restaurant values('3010000-101-1971-02934','EUN SUNG STEAK HOUSE', 9);
insert into Restaurant values('3010000-101-1967-07132','Singeumhomapo Sutbul Galbi', 1);
insert into Restaurant values('3160000-101-1985-00406','Samwon Garden', 1);
insert into Restaurant values('3000000-101-1987-06916','DOSAN BUNSIK', 6);
insert into Restaurant values('3180000-101-2023-00470','Donghaebokjip', 6);
insert into Restaurant values('3130000-101-2023-00292','Manna Kalguksu', 6);
insert into Restaurant values('3170000-101-2023-00097','Miyukki', 1);
insert into Restaurant values('3000000-101-2001-12249','Haetae Sikdang', 1);
insert into Restaurant values('3160000-101-2023-00101','Seongbukdongseopjikoji', 4);
insert into Restaurant values('3060000-101-2023-00089','OAXACA', 9);
insert into Restaurant values('3220000-101-2004-00301','Geumhong', 1);
insert into Restaurant values('3140000-101-2003-00634','Gyeong Sushi', 7);
insert into Restaurant values('3220000-101-2022-01034','Endolpin Gimbap', 6);
insert into Restaurant values('3040000-101-2023-00074','Party Daetongnyeong', 7);
insert into Restaurant values('3000000-101-2023-00220','Nam Seoul Minmul Jangeo', 5);
insert into Restaurant values('3090000-101-2023-00033','Mio', 9);
insert into Restaurant values('3130000-101-2023-00177','Gipeunmat Namwon Chueotang', 1);
insert into Restaurant values('3180000-101-2023-00117','PROST', 9);
insert into Restaurant values('3150000-101-2022-00621','Mon chef', 9);
insert into Restaurant values('3170000-101-2022-00109','Daeu Budaejjigae', 1);
insert into Restaurant values('3200000-101-2022-00116','Ba Dasik Dang', 1);
insert into Restaurant values('3020000-101-2022-00050','Yeonhuidong Yeongwol', 5);
insert into Restaurant values('3150000-101-2021-00460','GranA MUSIC BAR', 4);
insert into Restaurant values('3130000-101-2021-00479','Apgujeong Shabu Shabu', 7);
insert into Restaurant values('3000000-101-2001-03784','SHIN JUNG', 1);
insert into Restaurant values('3220000-101-2020-00657','Yeolhae', 4);
insert into Restaurant values('3140000-101-2020-00030','Todamgol', 1);
insert into Restaurant values('3020000-101-2020-00015','Haikaosan', 5);
insert into Restaurant values('3150000-101-2019-00652','Yugacheu', 4);
insert into Restaurant values('3140000-101-2019-00264','Hanu Ri', 9);
insert into Restaurant values('3230000-101-2019-00356','Sanyaro Kongnamul Gukbap', 9);
insert into Restaurant values('3000000-101-1989-06670','Gangwonjeong', 6);
insert into Restaurant values('3170000-101-2019-00019','Yeonhuidong Kalguksu', 9);
insert into Restaurant values('3020000-101-2022-00046','Badamokjangbadatgajae', 5);
insert into Restaurant values('3240000-101-2016-00383','VIPS', 1);
insert into Restaurant values('3130000-101-2016-00800','Yeonhwasan', 9);
insert into Restaurant values('3180000-101-2016-00033','Raku Shun', 2);
insert into Restaurant values('3130000-101-2015-00035','Dadami', 2);
insert into Restaurant values('3080000-101-2014-00294','Ruwi', 6);
insert into Restaurant values('3180000-101-2021-00746','Sangdoneulbori', 1);
insert into Restaurant values('3060000-101-2013-00001','Eunpyeong Hanu Gopchang', 1);
insert into Restaurant values('3170000-101-2012-00256','Songane Minmul Jangeo', 1);
insert into Restaurant values('3130000-101-2012-00531','picniq', 8);
insert into Restaurant values('3210000-101-2012-00602','Ra Ramen Ga', 3);
insert into Restaurant values('3220000-101-2012-00221','Shabu Plus', 1);
insert into Restaurant values('3190000-101-2012-00030','BROT ART', 8);
insert into Restaurant values('3050000-101-2011-00278','Mak', 9);
insert into Restaurant values('3220000-101-2011-00104','Donetteul', 6);
insert into Restaurant values('3060000-101-2021-00330','Achasandak Guksu', 1);
insert into Restaurant values('3070000-101-2006-00115','california pizza KITCHEN', 1);
insert into Restaurant values('3160000-101-2006-00089','Hwaro Gui', 1);
insert into Restaurant values('3010000-101-2005-00181','BONGCHU', 1);
insert into Restaurant values('3130000-101-2005-00033','Myeongtaerang Jokbal Irang', 1);
insert into Restaurant values('3220000-101-2004-01098','Gyebaekjip', 4);
insert into Restaurant values('3210000-101-2004-00533','Jeongseongbon Shabu Sukki Kalguksu', 1);
insert into Restaurant values('3150000-101-2004-00558','Namsunnam Sundaeguk', 7);
insert into Restaurant values('3140000-101-2004-00376','Pureunbada Sekkosi', 1);
insert into Restaurant values('3220000-101-2004-00681','Nakseong Gopchang', 4);
insert into Restaurant values('3220000-101-2002-00691','Sinujeong', 6);
insert into Restaurant values('3120000-101-2002-00048','Aricha I', 1);
insert into Restaurant values('3230000-101-1999-00760','Chai797 Plus', 1);
insert into Restaurant values('3070000-101-1998-02827','Daepyeong Galbi', 3);
insert into Restaurant values('3180000-101-1998-10217','Wonjo Halmeoni Dubu Jip', 1);
insert into Restaurant values('3240000-101-2002-13589','TOWER Chai', 9);
insert into Restaurant values('3180000-101-1997-08404','Gajogohyangmaeul', 1);
insert into Restaurant values('3020000-101-1993-07122','Sari Won', 1);
insert into Restaurant values('3230000-101-1989-12157','Bonga Aguijjim', 1);
insert into Restaurant values('3070000-101-1973-01121','HOME Sukki', 1);
insert into Restaurant values('3100000-101-2021-00078','HORIM', 9);
insert into Restaurant values('3170000-101-1988-01909','Korea House', 9);
insert into Restaurant values('3090000-101-2020-00149','Taeyang Haemul Agujjim Tang', 9);
insert into Restaurant values('3150000-101-2019-00670','PARK RUAN', 1);
insert into Restaurant values('3140000-101-2019-00115','Wonjinnogisun Cheonggukjang', 3);
insert into Restaurant values('3150000-101-2018-00419','Hanoi Uiachim', 7);
insert into Restaurant values('3130000-101-2016-00838','Eantree', 3);
insert into Restaurant values('3160000-101-2016-00211','HANCOOK', 7);
insert into Restaurant values('3140000-101-2015-00359','Brasserie', 9);
insert into Restaurant values('3050000-101-2014-00244','Teobangnae', 8);
insert into Restaurant values('3190000-101-2013-00244','Jiri San Apjip', 9);
insert into Restaurant values('3210000-101-2012-00049','CASTLE TERRACE', 6);
insert into Restaurant values('3000000-101-2013-00271','Baekje Chueotang', 9);
insert into Restaurant values('3180000-101-2011-00045','Raherui Bueok', 8);
insert into Restaurant values('3200000-101-2011-00037','Yuhyangso', 8);
insert into Restaurant values('3130000-101-2011-00022','Ihwagoryeojeong', 8);
insert into Restaurant values('3180000-101-2007-00553','Banggane Namwon Chueotang', 1);
insert into Restaurant values('3010000-101-2006-00249','Party En Buffet', 9);
insert into Restaurant values('3140000-101-2006-00209','Seoul Jip', 7);
insert into Restaurant values('3160000-101-2005-00124','Daesoyunhwa', 1);
insert into Restaurant values('3060000-101-2002-00552','Sushi Dane', 1);
insert into Restaurant values('3200000-101-2002-00483','Deungchon Shabu Kalguksu', 7);
insert into Restaurant values('3070000-101-2001-11034','Iro Dakgalbi', 1);
insert into Restaurant values('3080000-101-2000-08327','Yukgap Sikdang', 1);
insert into Restaurant values('3080000-101-1999-07724','Gimdeokkuuichadoljo', 7);
insert into Restaurant values('3000000-101-1999-02006','Ihwasujeontong Yukgaejang', 1);
insert into Restaurant values('3240000-101-1999-10871','commtte', 1);
insert into Restaurant values('3130000-101-1998-01996','Baekbujangjipdak Hanmari', 1);
insert into Restaurant values('3200000-101-1997-05996','Wonjomyeolchi Guksu', 1);
insert into Restaurant values('3040000-101-1997-06010','Honam Haemultang Agujjim', 8);
insert into Restaurant values('3050000-101-1997-11044','Ikono Sushi', 8);
insert into Restaurant values('3130000-101-1994-07739','Gulmaeul Nakji Chon', 1);
insert into Restaurant values('3100000-101-1994-01087','Cheongho', 1);
insert into Restaurant values('3000000-101-1985-03853','Yeolbin', 9);
insert into Restaurant values('3150000-101-2023-00430','Little SAIGON', 9);
insert into Restaurant values('3090000-101-2019-00142','Wongang', 1);
insert into Restaurant values('3000000-101-1998-03045','Raseongmyeonok', 1);
insert into Restaurant values('3120000-101-2017-00087','Bongnaeheon', 1);
insert into Restaurant values('3220000-101-2023-00131','Is Mi', 4);
insert into Restaurant values('3170000-101-2008-00229','Hanilgwan', 1);
insert into Restaurant values('3040000-101-2007-00180','Sinuijuchapssal Sundae', 2);
insert into Restaurant values('3090000-101-2006-00121','POPOLARITA', 6);
insert into Restaurant values('3150000-101-1992-06435','OUTBACK STEAKHOUSE', 1);
insert into Restaurant values('3150000-101-2006-00342','BONO BONO+', 2);
insert into Restaurant values('3050000-101-2001-12925','JINSUSA', 6);
insert into Restaurant values('3010000-101-2013-00063','Hangukdongeoraeso', 1);
insert into Restaurant values('3220000-101-1997-08433','Salon De Music', 4);
insert into Restaurant values('3220000-101-1995-07371','Daega Sikdang', 2);
insert into Restaurant values('3100000-101-2023-00139','Samdae Jokbal', 4);
insert into Restaurant values('3140000-101-2023-00146','Onggolchan Agu Dongtae Haemuljjim Tang', 5);
insert into Restaurant values('3230000-101-2023-00344','Hangeundeohangeun', 1);
insert into Restaurant values('3190000-101-2003-00380','Jeong Chamchi', 1);
insert into Restaurant values('3230000-101-2003-00463','KUKDAE DUCK FOOD', 1);
insert into Restaurant values('3190000-101-2001-08361','Daegawon', 9);
insert into Restaurant values('3150000-101-2023-00314','myeongdongpizza', 9);
insert into Restaurant values('3130000-101-2023-00460','Gammijeong', 9);
insert into Restaurant values('3180000-101-2023-00041','MASIL hanu jeongyuk sikdang', 9);
insert into Restaurant values('3080000-101-2000-00341','Samseongdon Gui', 7);
insert into Restaurant values('3020000-101-1999-05580','Bangapso', 1);
insert into Restaurant values('3050000-101-1999-10992','Raon Seokgalbi', 7);
insert into Restaurant values('3170000-101-1996-00948','Goban Sikdang', 6);
insert into Restaurant values('3010000-101-1995-08862','Geumyonggak', 1);
insert into Restaurant values('3010000-101-1992-03934','BAEKEOK HANU', 6);
insert into Restaurant values('3210000-101-1991-04448','Yeougol Chobap', 1);
insert into Restaurant values('3000000-101-1985-03959','Wangsimniwonjohwang Sogopchang', 4);
insert into Restaurant values('3230000-101-1988-12398','Hanganghoegwan', 4);
insert into Restaurant values('3060000-101-2018-00154','Chillyang', 9);
insert into Restaurant values('3140000-101-2018-00011','Mugyodongbugeogukjip', 6);
insert into Restaurant values('3060000-101-2017-00196','Cheonyong', 1);
insert into Restaurant values('3220000-101-2023-00470','manna', 7);
insert into Restaurant values('3220000-101-2023-00471','OUTBACKSTEAKHOUSE', 4);
insert into Restaurant values('3030000-101-2023-00147','Buokdang', 1);
insert into Restaurant values('3040000-101-2023-00120','Gungnara Naengmyeon Mukbap', 9);
insert into Restaurant values('3050000-101-2023-00120','Jusikkoesadongyang Food', 1);
insert into Restaurant values('3130000-101-2023-00294','CAFE AMOJE', 1);
insert into Restaurant values('3180000-101-2023-00203','Bongmeokgo Bokbatgo', 1);
insert into Restaurant values('3150000-101-2017-00289','Gangseobokjip', 3);
insert into Restaurant values('3000000-101-1996-02696','Wongwang', 1);
insert into Restaurant values('3000000-101-2002-12306','Osam', 1);
insert into Restaurant values('3220000-101-2023-00267','Yeongsangang', 2);
insert into Restaurant values('3220000-101-2023-00270','Manseokjang', 4);
insert into Restaurant values('3050000-101-2021-00347','Goheungman', 1);
insert into Restaurant values('3030000-101-2019-00427','Sinheungbujeon', 9);
insert into Restaurant values('3000000-101-1987-04314','HANAM PIG', 4);
insert into Restaurant values('3130000-101-2019-00343','Naru Gaon', 9);
insert into Restaurant values('3010000-101-2019-00151','Godeungeo Kimchi Jjim Galchi Jorim Jipgunjane', 1);
insert into Restaurant values('3070000-101-2010-00198','Rairai', 8);
insert into Restaurant values('3150000-101-2018-00210','Chwiyeongnu', 1);
insert into Restaurant values('3060000-101-2009-00263','Gangchonsutbul Dakgalbi', 7);
insert into Restaurant values('3170000-101-2014-00224','I.O.U', 3);
insert into Restaurant values('3010000-101-2013-00075','Wang Donkkaseu&wang Naengmyeon', 1);
insert into Restaurant values('3100000-101-2012-00022','Eunpyeong Chamsut Galbi(Byeolgwan)', 1);
insert into Restaurant values('3240000-101-2011-00099','Food Story', 1);
insert into Restaurant values('3060000-101-2009-00039','Jeongga', 9);
insert into Restaurant values('3050000-101-2010-00343','Sian', 6);
insert into Restaurant values('3230000-101-2010-00465','Namdohoegwan', 1);
insert into Restaurant values('3010000-101-2009-00300','Hwanggeum Songarak', 1);
insert into Restaurant values('3120000-101-2009-00091','Honma Chamchi', 7);
insert into Restaurant values('3040000-101-2006-00253','Matchandeurwang Sogeumgui', 7);
insert into Restaurant values('3140000-101-2008-09203','Jangwidongyuseongjip', 8);
insert into Restaurant values('3220000-101-2008-00855','Junganghaejang', 1);
insert into Restaurant values('3170000-101-2006-00188','Jipsin Maeun Galbijjim', 3);
insert into Restaurant values('3010000-101-2006-00057','Imjingang Minmul Jangeo', 1);
insert into Restaurant values('3110000-101-2002-00320','Gamasot Samgyetang', 7);
insert into Restaurant values('3190000-101-2002-00140','Uiryeongjeonwon', 7);
insert into Restaurant values('3210000-101-2001-16071','Jungil Garden', 6);
insert into Restaurant values('3220000-101-2001-23087','Gyegyeong Sundaeguk', 1);
insert into Restaurant values('3220000-101-1985-16419','Jejuhanggu', 1);
insert into Restaurant values('3130000-101-2002-00024','Jeongseongdam', 7);
insert into Restaurant values('3010000-101-1999-12347','Cheonho Nakji', 1);
insert into Restaurant values('3150000-101-2004-00377','Gimjonggu Chamchi Baksa', 7);
insert into Restaurant values('3230000-101-2023-00052','Bodeuri Jjukkumi', 6);
insert into Restaurant values('3000000-101-1985-08040','Tangtangjip', 9);
insert into Restaurant values('3230000-101-2013-00584','suhsigun sushi geon', 4);
insert into Restaurant values('3150000-101-2012-00347','Hocheon Sikdang', 1);

insert into contact values('3230000-101-2023-00343','02  448 6648');
insert into contact values('3230000-101-2023-00222','02  64651515');
insert into contact values('3150000-101-2023-00052','02 7024684');
insert into contact values('3130000-101-2023-00288','263260124');
insert into contact values('3150000-101-2023-00204','02  63285000');
insert into contact values('3220000-101-2023-00450','02  322 4831');
insert into contact values('3220000-101-2023-00454','02  34489991');
insert into contact values('3110000-101-2023-00070','02388 8787');
insert into contact values('3180000-101-2022-00409','02 7827797');
insert into contact values('3060000-101-2022-00139','02  34219289');
insert into contact values('3050000-101-2022-00115','02  34097910');
insert into contact values('3030000-101-2023-00210','02  738 3350');
insert into contact values('3000000-101-1995-05197','226352957');
insert into contact values('3050000-101-2021-00370','02  516 0205');
insert into contact values('3150000-101-2021-00222','02  999 7747');
insert into contact values('3030000-101-2019-00154','236650559');
insert into contact values('3120000-101-2018-00357','02   4270517');
insert into contact values('3240000-101-2018-00348','02  313 5633');
insert into contact values('3180000-101-2018-00102','02 4631307');
insert into contact values('3220000-101-2017-01267','02  441 6008');
insert into contact values('3090000-101-2018-00051','02  26728887');
insert into contact values('3150000-101-2017-00622','02 7345646');
insert into contact values('3150000-101-2017-00465','220616682');
insert into contact values('3210000-101-2017-00296','02  887 7904');
insert into contact values('3070000-101-2016-00320','02  313 5951');
insert into contact values('3150000-101-2016-00357','3258111');
insert into contact values('3240000-101-2016-00281','02 9245569');
insert into contact values('3020000-101-2015-00095','02 5462535');
insert into contact values('3120000-101-2014-00234','222970746');
insert into contact values('3090000-101-2013-00100','222021904');
insert into contact values('3040000-101-2013-00116','222744872');
insert into contact values('3030000-101-2011-00076','236627779');
insert into contact values('3240000-101-2010-00326','02733 3006');
insert into contact values('3160000-101-2009-00202','50714048782');
insert into contact values('3050000-101-2009-00112','02  599 3584');
insert into contact values('3000000-101-2008-00163','02  712 1250');
insert into contact values('3140000-101-2010-00207','02   9020281');
insert into contact values('3200000-101-2008-00210','236651993');
insert into contact values('3180000-101-2011-00228','02 3584565');
insert into contact values('3120000-101-2008-00013','02388 9908');
insert into contact values('3130000-101-2006-00538','02  998 9655');
insert into contact values('3010000-101-2006-00389','02 62043401');
insert into contact values('3070000-101-2002-00276','50713901007');
insert into contact values('3210000-101-1999-15148','226685182');
insert into contact values('3160000-101-1998-04796','02  472 0722');
insert into contact values('3030000-101-1998-01567','263415341');
insert into contact values('3230000-101-1997-10813','264871224');
insert into contact values('3010000-101-1996-08483','233976000');
insert into contact values('3110000-101-1994-07075','50713669337');
insert into contact values('3230000-101-2013-00479','02  419 9255');
insert into contact values('3150000-101-2023-00126','02 9410766');
insert into contact values('3110000-101-2023-00071','02  26956363');
insert into contact values('3150000-101-2023-00124','226076733');
insert into contact values('3220000-101-2023-00259','222825849');
insert into contact values('3220000-101-2023-00663','02 7985231');
insert into contact values('3190000-101-2022-00012','02 5011481');
insert into contact values('3150000-101-2021-00182','226425858');
insert into contact values('3020000-101-2020-00490','226084655');
insert into contact values('3150000-101-2020-00212','02 4230333');
insert into contact values('3110000-101-2019-00434','02 4918292');
insert into contact values('3110000-101-2019-00427','02 4134353');
insert into contact values('3080000-101-2019-00210','02 8748100');
insert into contact values('3230000-101-2018-00651','02 4246233');
insert into contact values('3180000-101-2023-00045','02 4348444');
insert into contact values('3240000-101-2017-00190','200000000');
insert into contact values('3130000-101-2017-00223','02 7952654');
insert into contact values('3150000-101-2017-00012','02 8552843');
insert into contact values('3220000-101-2016-00957','222955893');
insert into contact values('3040000-101-2016-00082','02 5626726');
insert into contact values('3100000-101-2015-00018','236678249');
insert into contact values('3000000-101-2013-00291','02  433 1524');
insert into contact values('3090000-101-2013-00012','02  400 2987');
insert into contact values('3010000-101-2014-00038','02 7359918');
insert into contact values('3010000-101-2010-00354','02  531 6454');
insert into contact values('3230000-101-2010-00507','02  443 3200');
insert into contact values('3100000-101-2009-00297','02  531 6475');
insert into contact values('3240000-101-2009-00108','02  544 4761');
insert into contact values('3140000-101-2008-00134','226596469');
insert into contact values('3140000-101-2007-00388','02 5455111');
insert into contact values('3030000-101-2009-00060','02  566 2288');
insert into contact values('3020000-101-2006-00179','02 9747791');
insert into contact values('3080000-101-2006-00203','02 9272521');
insert into contact values('3220000-101-2005-00634','02 8563868');
insert into contact values('3140000-101-2005-00037','234447364');
insert into contact values('3140000-101-2004-00422','02 7626552');
insert into contact values('3140000-101-2004-00313','222440789');
insert into contact values('3230000-101-2003-00559','02 8622324');
insert into contact values('3060000-101-2002-00594','02 3329411');
insert into contact values('3230000-101-2002-17462','02 8023114');
insert into contact values('3200000-101-2001-11145','222336433');
insert into contact values('3230000-101-1999-14496','02 8308280');
insert into contact values('3220000-101-1999-19972','234216540');
insert into contact values('3060000-101-1994-04878','226945012');
insert into contact values('3220000-101-1993-15652','02  34378385');
insert into contact values('3110000-101-1991-05301','7070383510');
insert into contact values('3110000-101-1989-05481','7088829292');
insert into contact values('3020000-101-1986-07037','02 7160011');
insert into contact values('3170000-101-1985-04787','260120933');
insert into contact values('3030000-101-1976-05969','236621826');
insert into contact values('3220000-101-1999-20467','263681333');
insert into contact values('3180000-101-2023-00328','226583254');
insert into contact values('3060000-101-2023-00125','02 3368540');
insert into contact values('3230000-101-2023-00342','202750553');
insert into contact values('3000000-101-2001-12186','226593889');
insert into contact values('3220000-101-2023-00648','226969333');
insert into contact values('3220000-101-2023-00650','02  420 1100');
insert into contact values('3220000-101-2023-00649','207361105');
insert into contact values('3220000-101-2023-00654','02   4722229');
insert into contact values('3150000-101-2019-00698','226366655');
insert into contact values('3220000-101-2019-01027','02 8459233');
insert into contact values('3220000-101-2013-00273','02 4358600');
insert into contact values('3100000-101-2001-07469','02  31519979');
insert into contact values('3070000-101-2001-10821','25081359');
insert into contact values('3160000-101-1997-02406','9225787');
insert into contact values('3220000-101-1996-14123','25470118');
insert into contact values('3000000-101-1991-01532','234212829');
insert into contact values('3200000-101-1990-05349','02 9533392');
insert into contact values('3050000-101-1990-01344','02 7793829');
insert into contact values('3010000-101-1971-02934','02535 6977');
insert into contact values('3010000-101-1967-07132','226422038');
insert into contact values('3160000-101-1985-00406','26446981');
insert into contact values('3000000-101-1987-06916','02 5554882');
insert into contact values('3180000-101-2023-00470','02 4231897');
insert into contact values('3130000-101-2023-00292','02  923 1996');
insert into contact values('3170000-101-2023-00097','02  26347080');
insert into contact values('3000000-101-2001-12249','02 4261250');
insert into contact values('3160000-101-2023-00101','02 8426301');
insert into contact values('3060000-101-2023-00089','02 7962707');
insert into contact values('3220000-101-2004-00301','02  404 8939');
insert into contact values('3140000-101-2003-00634','02  914 1525');
insert into contact values('3220000-101-2022-01034','02 8954297');
insert into contact values('3040000-101-2023-00074','02  34930830');
insert into contact values('3000000-101-2023-00220','236627040');
insert into contact values('3090000-101-2023-00033','02 324 8581');
insert into contact values('3130000-101-2023-00177','220605985');
insert into contact values('3180000-101-2023-00117','226930325');
insert into contact values('3150000-101-2022-00621','02  22147781');
insert into contact values('3170000-101-2022-00109','02  732 1700');
insert into contact values('3200000-101-2022-00116','02  784 2483');
insert into contact values('3020000-101-2022-00050','02  876 3201');
insert into contact values('3150000-101-2021-00460','27855161');
insert into contact values('3130000-101-2021-00479','226469933');
insert into contact values('3000000-101-2001-03784','02  890 7978');
insert into contact values('3220000-101-2020-00657','02  492 5839');
insert into contact values('3140000-101-2020-00030','02 8391235');
insert into contact values('3020000-101-2020-00015','222790650');
insert into contact values('3150000-101-2019-00652','02 4893885');
insert into contact values('3140000-101-2019-00264','02 3388144');
insert into contact values('3230000-101-2019-00356','02 4976561');
insert into contact values('3000000-101-1989-06670','02 9347181');
insert into contact values('3170000-101-2019-00019','02 7372707');
insert into contact values('3020000-101-2022-00046','02  900 0321');
insert into contact values('3240000-101-2016-00383','02 3943779');
insert into contact values('3130000-101-2016-00800','070 81714364');
insert into contact values('3180000-101-2016-00033','070 76911678');
insert into contact values('3130000-101-2015-00035','02  20284280');
insert into contact values('3080000-101-2014-00294','02 9557942');
insert into contact values('3180000-101-2021-00746','226950126');
insert into contact values('3060000-101-2013-00001','26590766');
insert into contact values('3170000-101-2012-00256','234436250');
insert into contact values('3130000-101-2012-00531','226519442');
insert into contact values('3210000-101-2012-00602','02  423 1599');
insert into contact values('3220000-101-2012-00221','02 5943392');
insert into contact values('3190000-101-2012-00030','02 4316938');
insert into contact values('3050000-101-2011-00278','208236493');
insert into contact values('3220000-101-2011-00104','50713484399');
insert into contact values('3060000-101-2021-00330','02  7663809');
insert into contact values('3070000-101-2006-00115','3180265000');
insert into contact values('3160000-101-2006-00089','02 7541239');
insert into contact values('3010000-101-2005-00181','02 5860629');
insert into contact values('3130000-101-2005-00033','207429116');
insert into contact values('3220000-101-2004-01098','02 4128748');
insert into contact values('3210000-101-2004-00533','02 4320700');
insert into contact values('3150000-101-2004-00558','02  783 9663');
insert into contact values('3140000-101-2004-00376','02  547 6461');
insert into contact values('3220000-101-2004-00681','24982427');
insert into contact values('3220000-101-2002-00691','269525221');
insert into contact values('3120000-101-2002-00048','070 76750089');
insert into contact values('3230000-101-1999-00760','02 717 5285');
insert into contact values('3070000-101-1998-02827','02  69537650');
insert into contact values('3180000-101-1998-10217','226040410');
insert into contact values('3240000-101-2002-13589','02 2794418');
insert into contact values('3180000-101-1997-08404','7667005');
insert into contact values('3020000-101-1993-07122','02  508 5127');
insert into contact values('3230000-101-1989-12157','02  541 2400');
insert into contact values('3070000-101-1973-01121','02 4682122');
insert into contact values('3100000-101-2021-00078','207367097');
insert into contact values('3170000-101-1988-01909','02  21622000');
insert into contact values('3090000-101-2020-00149','02   4337060');
insert into contact values('3150000-101-2019-00670','02  930 0777');
insert into contact values('3140000-101-2019-00115','02  429 2340');
insert into contact values('3150000-101-2018-00419','02 4033816');
insert into contact values('3130000-101-2016-00838','02  312 8040');
insert into contact values('3160000-101-2016-00211','02455 4123');
insert into contact values('3140000-101-2015-00359','226473178');
insert into contact values('3050000-101-2014-00244','8955262');
insert into contact values('3190000-101-2013-00244','02 5964801');
insert into contact values('3210000-101-2012-00049','226659291');
insert into contact values('3000000-101-2013-00271','02  422 7883');
insert into contact values('3180000-101-2011-00045','02 9795579');
insert into contact values('3200000-101-2011-00037','02 7422877');
insert into contact values('3130000-101-2011-00022','02 4183155');
insert into contact values('3180000-101-2007-00553','260804690');
insert into contact values('3010000-101-2006-00249','02 4526123');
insert into contact values('3140000-101-2006-00209','02 5628625');
insert into contact values('3160000-101-2005-00124','02 9218810');
insert into contact values('3060000-101-2002-00552','02 5845877');
insert into contact values('3200000-101-2002-00483','226770224');
insert into contact values('3070000-101-2001-11034','02 9680759');
insert into contact values('3080000-101-2000-08327','02 8643082');
insert into contact values('3080000-101-1999-07724','02 3321514');
insert into contact values('3000000-101-1999-02006','226068899');
insert into contact values('3240000-101-1999-10871','02 7348878');
insert into contact values('3130000-101-1998-01996','02  549 3007');
insert into contact values('3200000-101-1997-05996','02 4930502');
insert into contact values('3040000-101-1997-06010','234219935');
insert into contact values('3050000-101-1997-11044','222759666');
insert into contact values('3130000-101-1994-07739','27820954');
insert into contact values('3100000-101-1994-01087','226460808');
insert into contact values('3000000-101-1985-03853','02 878 6690');
insert into contact values('3150000-101-2023-00430','226121717');
insert into contact values('3090000-101-2019-00142','02  435 1122');
insert into contact values('3000000-101-1998-03045','02  867 8588');
insert into contact values('3120000-101-2017-00087','226020368');
insert into contact values('3220000-101-2023-00131','02  928 9969');
insert into contact values('3170000-101-2008-00229','02  26876999');
insert into contact values('3040000-101-2007-00180','02 9990087');
insert into contact values('3090000-101-2006-00121','02 4013678');
insert into contact values('3150000-101-1992-06435','02  533 2958');
insert into contact values('3150000-101-2006-00342','236721784');
insert into contact values('3050000-101-2001-12925','226906230');
insert into contact values('3010000-101-2013-00063','234240899');
insert into contact values('3220000-101-1997-08433','205829768');
insert into contact values('3220000-101-1995-07371','226647631');
insert into contact values('3100000-101-2023-00139','02 7410273');
insert into contact values('3140000-101-2023-00146','205144680');
insert into contact values('3230000-101-2023-00344','02 2317137');
insert into contact values('3190000-101-2003-00380','260131822');
insert into contact values('3230000-101-2003-00463','226471417');
insert into contact values('3190000-101-2001-08361','02 9788252');
insert into contact values('3150000-101-2023-00314','226023181');
insert into contact values('3130000-101-2023-00460','207453802');
insert into contact values('3180000-101-2023-00041','269495877');
insert into contact values('3080000-101-2000-00341','260152200');
insert into contact values('3020000-101-1999-05580','226055208');
insert into contact values('3050000-101-1999-10992','02 858 0456');
insert into contact values('3170000-101-1996-00948','02 7770708');
insert into contact values('3010000-101-1995-08862','226996974');
insert into contact values('3010000-101-1992-03934','02  579 6282');
insert into contact values('3210000-101-1991-04448','222443350');
insert into contact values('3000000-101-1985-03959','220619911');
insert into contact values('3230000-101-1988-12398','02 8691232');
insert into contact values('3060000-101-2018-00154','02  835 6224');
insert into contact values('3140000-101-2018-00011','207148587');
insert into contact values('3060000-101-2017-00196','02814 3035');
insert into contact values('3220000-101-2023-00470','02 734 0405');
insert into contact values('3220000-101-2023-00471','31437311');
insert into contact values('3030000-101-2023-00147','226364844');
insert into contact values('3040000-101-2023-00120','222647177');
insert into contact values('3050000-101-2023-00120','02  434 4490');
insert into contact values('3130000-101-2023-00294','02 8421981');
insert into contact values('3180000-101-2023-00203','02 5029562');
insert into contact values('3150000-101-2017-00289','231412929');
insert into contact values('3000000-101-1996-02696','226977773');
insert into contact values('3000000-101-2002-12306','02  26772894');
insert into contact values('3220000-101-2023-00267','269543082');
insert into contact values('3220000-101-2023-00270','02  579 1713');
insert into contact values('3050000-101-2021-00347','070 75537380');
insert into contact values('3030000-101-2019-00427','222434414');
insert into contact values('3000000-101-1987-04314','02 3553101');
insert into contact values('3130000-101-2019-00343','02 9991441');
insert into contact values('3010000-101-2019-00151','226038892');
insert into contact values('3070000-101-2010-00198','02  433 7060');
insert into contact values('3150000-101-2018-00210','226147519');
insert into contact values('3060000-101-2009-00263','02 9872711');
insert into contact values('3170000-101-2014-00224','02  66703661');
insert into contact values('3010000-101-2013-00075','02  497 9979');
insert into contact values('3100000-101-2012-00022','031 998 4858');
insert into contact values('3240000-101-2011-00099','02 9216860');
insert into contact values('3060000-101-2009-00039','02 7371809');
insert into contact values('3050000-101-2010-00343','207343154');
insert into contact values('3230000-101-2010-00465','02 4341506');
insert into contact values('3010000-101-2009-00300','7082858316');
insert into contact values('3120000-101-2009-00091','02  395 8295');
insert into contact values('3040000-101-2006-00253','02  310 9386');
insert into contact values('3140000-101-2008-09203','207309440');
insert into contact values('3220000-101-2008-00855','207337534');
insert into contact values('3170000-101-2006-00188','02 3566655');
insert into contact values('3010000-101-2006-00057','226581238');
insert into contact values('3110000-101-2002-00320','02  22001475');
insert into contact values('3190000-101-2002-00140','02 8338335');
insert into contact values('3210000-101-2001-16071','236628292');
insert into contact values('3220000-101-2001-23087','23199000');
insert into contact values('3220000-101-1985-16419','02  565 2616');
insert into contact values('3130000-101-2002-00024','02462 4009');
insert into contact values('3010000-101-1999-12347','02  32806617');
insert into contact values('3150000-101-2004-00377','234914479');
insert into contact values('3230000-101-2023-00052','02  442 8292');
insert into contact values('3000000-101-1985-08040','220838899');
insert into contact values('3230000-101-2013-00584','02  456 7065');
insert into contact values('3150000-101-2012-00347','02  599 5689');

insert into Location values('3230000-101-2023-00343','Yeongdeungpo-gu');
insert into Location values('3230000-101-2023-00222','Yeongdeungpo-gu');
insert into Location values('3150000-101-2023-00052','Yeongdeungpo-gu');
insert into Location values('3130000-101-2023-00288','Yeongdeungpo-gu');
insert into Location values('3150000-101-2023-00204','Yeongdeungpo-gu');
insert into Location values('3220000-101-2023-00450','Yeongdeungpo-gu');
insert into Location values('3220000-101-2023-00454','Yeongdeungpo-gu');
insert into Location values('3110000-101-2023-00070','Yeongdeungpo-gu');
insert into Location values('3180000-101-2022-00409','Yeongdeungpo-gu');
insert into Location values('3060000-101-2022-00139','Yeongdeungpo-gu');
insert into Location values('3050000-101-2022-00115','Yeongdeungpo-gu');
insert into Location values('3030000-101-2023-00210','Yeongdeungpo-gu');
insert into Location values('3000000-101-1995-05197','Yeongdeungpo-gu');
insert into Location values('3050000-101-2021-00370','Yeongdeungpo-gu');
insert into Location values('3150000-101-2021-00222','Jung-gu');
insert into Location values('3030000-101-2019-00154','Jung-gu');
insert into Location values('3120000-101-2018-00357','Jung-gu');
insert into Location values('3240000-101-2018-00348','Jung-gu');
insert into Location values('3180000-101-2018-00102','Jung-gu');
insert into Location values('3220000-101-2017-01267','Jung-gu');
insert into Location values('3090000-101-2018-00051','Jung-gu');
insert into Location values('3150000-101-2017-00622','Jung-gu');
insert into Location values('3150000-101-2017-00465','Jung-gu');
insert into Location values('3210000-101-2017-00296','Jung-gu');
insert into Location values('3070000-101-2016-00320','Jung-gu');
insert into Location values('3150000-101-2016-00357','Jung-gu');
insert into Location values('3240000-101-2016-00281','Jung-gu');
insert into Location values('3020000-101-2015-00095','Jung-gu');
insert into Location values('3120000-101-2014-00234','Jung-gu');
insert into Location values('3090000-101-2013-00100','Jung-gu');
insert into Location values('3040000-101-2013-00116','Jung-gu');
insert into Location values('3030000-101-2011-00076','Jung-gu');
insert into Location values('3240000-101-2010-00326','Seodaemun-gu');
insert into Location values('3160000-101-2009-00202','Seodaemun-gu');
insert into Location values('3050000-101-2009-00112','Seodaemun-gu');
insert into Location values('3000000-101-2008-00163','Seodaemun-gu');
insert into Location values('3140000-101-2010-00207','Seodaemun-gu');
insert into Location values('3200000-101-2008-00210','Seodaemun-gu');
insert into Location values('3180000-101-2011-00228','Seodaemun-gu');
insert into Location values('3120000-101-2008-00013','Seodaemun-gu');
insert into Location values('3130000-101-2006-00538','Seodaemun-gu');
insert into Location values('3010000-101-2006-00389','Seodaemun-gu');
insert into Location values('3070000-101-2002-00276','Seodaemun-gu');
insert into Location values('3210000-101-1999-15148','Seodaemun-gu');
insert into Location values('3160000-101-1998-04796','Seodaemun-gu');
insert into Location values('3030000-101-1998-01567','Seodaemun-gu');
insert into Location values('3230000-101-1997-10813','Seodaemun-gu');
insert into Location values('3010000-101-1996-08483','Seodaemun-gu');
insert into Location values('3110000-101-1994-07075','Seodaemun-gu');
insert into Location values('3230000-101-2013-00479','Seodaemun-gu');
insert into Location values('3150000-101-2023-00126','Seodaemun-gu');
insert into Location values('3110000-101-2023-00071','Seodaemun-gu');
insert into Location values('3150000-101-2023-00124','Seodaemun-gu');
insert into Location values('3220000-101-2023-00259','Seodaemun-gu');
insert into Location values('3220000-101-2023-00663','Seodaemun-gu');
insert into Location values('3190000-101-2022-00012','Songpa-gu');
insert into Location values('3150000-101-2021-00182','Songpa-gu');
insert into Location values('3020000-101-2020-00490','Songpa-gu');
insert into Location values('3150000-101-2020-00212','Songpa-gu');
insert into Location values('3110000-101-2019-00434','Songpa-gu');
insert into Location values('3110000-101-2019-00427','Songpa-gu');
insert into Location values('3080000-101-2019-00210','Songpa-gu');
insert into Location values('3230000-101-2018-00651','Songpa-gu');
insert into Location values('3180000-101-2023-00045','Songpa-gu');
insert into Location values('3240000-101-2017-00190','Songpa-gu');
insert into Location values('3130000-101-2017-00223','Songpa-gu');
insert into Location values('3150000-101-2017-00012','Songpa-gu');
insert into Location values('3220000-101-2016-00957','Songpa-gu');
insert into Location values('3040000-101-2016-00082','Songpa-gu');
insert into Location values('3100000-101-2015-00018','Songpa-gu');
insert into Location values('3000000-101-2013-00291','Songpa-gu');
insert into Location values('3090000-101-2013-00012','Songpa-gu');
insert into Location values('3010000-101-2014-00038','Songpa-gu');
insert into Location values('3010000-101-2010-00354','Songpa-gu');
insert into Location values('3230000-101-2010-00507','Songpa-gu');
insert into Location values('3100000-101-2009-00297','Songpa-gu');
insert into Location values('3240000-101-2009-00108','Songpa-gu');
insert into Location values('3140000-101-2008-00134','Songpa-gu');
insert into Location values('3140000-101-2007-00388','Songpa-gu');
insert into Location values('3030000-101-2009-00060','Songpa-gu');
insert into Location values('3020000-101-2006-00179','Songpa-gu');
insert into Location values('3080000-101-2006-00203','Songpa-gu');
insert into Location values('3220000-101-2005-00634','Songpa-gu');
insert into Location values('3140000-101-2005-00037','Songpa-gu');
insert into Location values('3140000-101-2004-00422','Songpa-gu');
insert into Location values('3140000-101-2004-00313','Songpa-gu');
insert into Location values('3230000-101-2003-00559','Songpa-gu');
insert into Location values('3060000-101-2002-00594','Songpa-gu');
insert into Location values('3230000-101-2002-17462','Songpa-gu');
insert into Location values('3200000-101-2001-11145','Songpa-gu');
insert into Location values('3230000-101-1999-14496','Songpa-gu');
insert into Location values('3220000-101-1999-19972','Songpa-gu');
insert into Location values('3060000-101-1994-04878','Songpa-gu');
insert into Location values('3220000-101-1993-15652','Jongno-gu');
insert into Location values('3110000-101-1991-05301','Jongno-gu');
insert into Location values('3110000-101-1989-05481','Jongno-gu');
insert into Location values('3020000-101-1986-07037','Jongno-gu');
insert into Location values('3170000-101-1985-04787','Jongno-gu');
insert into Location values('3030000-101-1976-05969','Jongno-gu');
insert into Location values('3220000-101-1999-20467','Jongno-gu');
insert into Location values('3180000-101-2023-00328','Jongno-gu');
insert into Location values('3060000-101-2023-00125','Jongno-gu');
insert into Location values('3230000-101-2023-00342','Jongno-gu');
insert into Location values('3000000-101-2001-12186','Jongno-gu');
insert into Location values('3220000-101-2023-00648','Jongno-gu');
insert into Location values('3220000-101-2023-00650','Jongno-gu');
insert into Location values('3220000-101-2023-00649','Jongno-gu');
insert into Location values('3220000-101-2023-00654','Jongno-gu');
insert into Location values('3150000-101-2019-00698','Jongno-gu');
insert into Location values('3220000-101-2019-01027','Jongno-gu');
insert into Location values('3220000-101-2013-00273','Jongno-gu');
insert into Location values('3100000-101-2001-07469','Jongno-gu');
insert into Location values('3070000-101-2001-10821','Jongno-gu');
insert into Location values('3160000-101-1997-02406','Jongno-gu');
insert into Location values('3220000-101-1996-14123','Gangnam-gu');
insert into Location values('3000000-101-1991-01532','Gangnam-gu');
insert into Location values('3200000-101-1990-05349','Gangnam-gu');
insert into Location values('3050000-101-1990-01344','Gangnam-gu');
insert into Location values('3010000-101-1971-02934','Gangnam-gu');
insert into Location values('3010000-101-1967-07132','Gangnam-gu');
insert into Location values('3160000-101-1985-00406','Gangnam-gu');
insert into Location values('3000000-101-1987-06916','Gangnam-gu');
insert into Location values('3180000-101-2023-00470','Gangnam-gu');
insert into Location values('3130000-101-2023-00292','Gangnam-gu');
insert into Location values('3170000-101-2023-00097','Gangnam-gu');
insert into Location values('3000000-101-2001-12249','Gangnam-gu');
insert into Location values('3160000-101-2023-00101','Gangnam-gu');
insert into Location values('3060000-101-2023-00089','Gangnam-gu');
insert into Location values('3220000-101-2004-00301','Gangnam-gu');
insert into Location values('3140000-101-2003-00634','Gangnam-gu');
insert into Location values('3220000-101-2022-01034','Gangnam-gu');
insert into Location values('3040000-101-2023-00074','Gangnam-gu');
insert into Location values('3000000-101-2023-00220','Mapo-gu');
insert into Location values('3090000-101-2023-00033','Mapo-gu');
insert into Location values('3130000-101-2023-00177','Mapo-gu');
insert into Location values('3180000-101-2023-00117','Mapo-gu');
insert into Location values('3150000-101-2022-00621','Mapo-gu');
insert into Location values('3170000-101-2022-00109','Mapo-gu');
insert into Location values('3200000-101-2022-00116','Mapo-gu');
insert into Location values('3020000-101-2022-00050','Mapo-gu');
insert into Location values('3150000-101-2021-00460','Mapo-gu');
insert into Location values('3130000-101-2021-00479','Mapo-gu');
insert into Location values('3000000-101-2001-03784','Mapo-gu');
insert into Location values('3220000-101-2020-00657','Mapo-gu');
insert into Location values('3140000-101-2020-00030','Mapo-gu');
insert into Location values('3020000-101-2020-00015','Mapo-gu');
insert into Location values('3150000-101-2019-00652','Mapo-gu');
insert into Location values('3140000-101-2019-00264','Mapo-gu');
insert into Location values('3230000-101-2019-00356','Mapo-gu');
insert into Location values('3000000-101-1989-06670','Mapo-gu');
insert into Location values('3170000-101-2019-00019','Mapo-gu');
insert into Location values('3020000-101-2022-00046','Mapo-gu');
insert into Location values('3240000-101-2016-00383','Mapo-gu');
insert into Location values('3130000-101-2016-00800','Mapo-gu');
insert into Location values('3180000-101-2016-00033','Mapo-gu');
insert into Location values('3130000-101-2015-00035','Mapo-gu');
insert into Location values('3080000-101-2014-00294','Guro-gu');
insert into Location values('3180000-101-2021-00746','Guro-gu');
insert into Location values('3060000-101-2013-00001','Guro-gu');
insert into Location values('3170000-101-2012-00256','Guro-gu');
insert into Location values('3130000-101-2012-00531','Guro-gu');
insert into Location values('3210000-101-2012-00602','Guro-gu');
insert into Location values('3220000-101-2012-00221','Guro-gu');
insert into Location values('3190000-101-2012-00030','Guro-gu');
insert into Location values('3050000-101-2011-00278','Guro-gu');
insert into Location values('3220000-101-2011-00104','Guro-gu');
insert into Location values('3060000-101-2021-00330','Guro-gu');
insert into Location values('3070000-101-2006-00115','Guro-gu');
insert into Location values('3160000-101-2006-00089','Guro-gu');
insert into Location values('3010000-101-2005-00181','Guro-gu');
insert into Location values('3130000-101-2005-00033','Guro-gu');
insert into Location values('3220000-101-2004-01098','Guro-gu');
insert into Location values('3210000-101-2004-00533','Guro-gu');
insert into Location values('3150000-101-2004-00558','Guro-gu');
insert into Location values('3140000-101-2004-00376','Seongdong-gu');
insert into Location values('3220000-101-2004-00681','Seongdong-gu');
insert into Location values('3220000-101-2002-00691','Seongdong-gu');
insert into Location values('3120000-101-2002-00048','Seongdong-gu');
insert into Location values('3230000-101-1999-00760','Seongdong-gu');
insert into Location values('3070000-101-1998-02827','Seongdong-gu');
insert into Location values('3180000-101-1998-10217','Seongdong-gu');
insert into Location values('3240000-101-2002-13589','Seongdong-gu');
insert into Location values('3180000-101-1997-08404','Seongdong-gu');
insert into Location values('3020000-101-1993-07122','Seongdong-gu');
insert into Location values('3230000-101-1989-12157','Seongdong-gu');
insert into Location values('3070000-101-1973-01121','Seongdong-gu');
insert into Location values('3100000-101-2021-00078','Seongdong-gu');
insert into Location values('3170000-101-1988-01909','Seongdong-gu');
insert into Location values('3090000-101-2020-00149','Seongdong-gu');
insert into Location values('3150000-101-2019-00670','Yongsan-gu');
insert into Location values('3140000-101-2019-00115','Yongsan-gu');
insert into Location values('3150000-101-2018-00419','Yongsan-gu');
insert into Location values('3130000-101-2016-00838','Yongsan-gu');
insert into Location values('3160000-101-2016-00211','Yongsan-gu');
insert into Location values('3140000-101-2015-00359','Yongsan-gu');
insert into Location values('3050000-101-2014-00244','Yongsan-gu');
insert into Location values('3190000-101-2013-00244','Yongsan-gu');
insert into Location values('3210000-101-2012-00049','Yongsan-gu');
insert into Location values('3000000-101-2013-00271','Yongsan-gu');
insert into Location values('3180000-101-2011-00045','Yongsan-gu');
insert into Location values('3200000-101-2011-00037','Yongsan-gu');
insert into Location values('3130000-101-2011-00022','Yongsan-gu');
insert into Location values('3180000-101-2007-00553','Yongsan-gu');
insert into Location values('3010000-101-2006-00249','Yongsan-gu');
insert into Location values('3140000-101-2006-00209','Yongsan-gu');
insert into Location values('3160000-101-2005-00124','Yongsan-gu');
insert into Location values('3060000-101-2002-00552','Yongsan-gu');
insert into Location values('3200000-101-2002-00483','Yongsan-gu');
insert into Location values('3070000-101-2001-11034','Yongsan-gu');
insert into Location values('3080000-101-2000-08327','Yongsan-gu');
insert into Location values('3080000-101-1999-07724','Yongsan-gu');
insert into Location values('3000000-101-1999-02006','Yongsan-gu');
insert into Location values('3240000-101-1999-10871','Yongsan-gu');
insert into Location values('3130000-101-1998-01996','Yongsan-gu');
insert into Location values('3200000-101-1997-05996','Yongsan-gu');
insert into Location values('3040000-101-1997-06010','Yongsan-gu');
insert into Location values('3050000-101-1997-11044','Yongsan-gu');
insert into Location values('3130000-101-1994-07739','Yongsan-gu');
insert into Location values('3100000-101-1994-01087','Yongsan-gu');
insert into Location values('3000000-101-1985-03853','Yongsan-gu');
insert into Location values('3150000-101-2023-00430','Yongsan-gu');
insert into Location values('3090000-101-2019-00142','Yongsan-gu');
insert into Location values('3000000-101-1998-03045','Yongsan-gu');
insert into Location values('3120000-101-2017-00087','Yongsan-gu');
insert into Location values('3220000-101-2023-00131','Yangcheon-gu');
insert into Location values('3170000-101-2008-00229','Yangcheon-gu');
insert into Location values('3040000-101-2007-00180','Yangcheon-gu');
insert into Location values('3090000-101-2006-00121','Yangcheon-gu');
insert into Location values('3150000-101-1992-06435','Yangcheon-gu');
insert into Location values('3150000-101-2006-00342','Yangcheon-gu');
insert into Location values('3050000-101-2001-12925','Yangcheon-gu');
insert into Location values('3010000-101-2013-00063','Yangcheon-gu');
insert into Location values('3220000-101-1997-08433','Yangcheon-gu');
insert into Location values('3220000-101-1995-07371','Yangcheon-gu');
insert into Location values('3100000-101-2023-00139','Yangcheon-gu');
insert into Location values('3140000-101-2023-00146','Yangcheon-gu');
insert into Location values('3230000-101-2023-00344','Yangcheon-gu');
insert into Location values('3190000-101-2003-00380','Yangcheon-gu');
insert into Location values('3230000-101-2003-00463','Yangcheon-gu');
insert into Location values('3190000-101-2001-08361','Yangcheon-gu');
insert into Location values('3150000-101-2023-00314','Yangcheon-gu');
insert into Location values('3130000-101-2023-00460','Yangcheon-gu');
insert into Location values('3180000-101-2023-00041','Yangcheon-gu');
insert into Location values('3080000-101-2000-00341','Yangcheon-gu');
insert into Location values('3020000-101-1999-05580','Eunpyeong-gu');
insert into Location values('3050000-101-1999-10992','Eunpyeong-gu');
insert into Location values('3170000-101-1996-00948','Eunpyeong-gu');
insert into Location values('3010000-101-1995-08862','Eunpyeong-gu');
insert into Location values('3010000-101-1992-03934','Eunpyeong-gu');
insert into Location values('3210000-101-1991-04448','Eunpyeong-gu');
insert into Location values('3000000-101-1985-03959','Eunpyeong-gu');
insert into Location values('3230000-101-1988-12398','Eunpyeong-gu');
insert into Location values('3060000-101-2018-00154','Eunpyeong-gu');
insert into Location values('3140000-101-2018-00011','Eunpyeong-gu');
insert into Location values('3060000-101-2017-00196','Eunpyeong-gu');
insert into Location values('3220000-101-2023-00470','Eunpyeong-gu');
insert into Location values('3220000-101-2023-00471','Eunpyeong-gu');
insert into Location values('3030000-101-2023-00147','Eunpyeong-gu');
insert into Location values('3040000-101-2023-00120','Eunpyeong-gu');
insert into Location values('3050000-101-2023-00120','Eunpyeong-gu');
insert into Location values('3130000-101-2023-00294','Gangseo-gu');
insert into Location values('3180000-101-2023-00203','Gangseo-gu');
insert into Location values('3150000-101-2017-00289','Gangseo-gu');
insert into Location values('3000000-101-1996-02696','Gangseo-gu');
insert into Location values('3000000-101-2002-12306','Gangseo-gu');
insert into Location values('3220000-101-2023-00267','Gangseo-gu');
insert into Location values('3220000-101-2023-00270','Gangseo-gu');
insert into Location values('3050000-101-2021-00347','Gangseo-gu');
insert into Location values('3030000-101-2019-00427','Gangseo-gu');
insert into Location values('3000000-101-1987-04314','Gangseo-gu');
insert into Location values('3130000-101-2019-00343','Gangseo-gu');
insert into Location values('3010000-101-2019-00151','Gangseo-gu');
insert into Location values('3070000-101-2010-00198','Gangseo-gu');
insert into Location values('3150000-101-2018-00210','Dongjak-gu');
insert into Location values('3060000-101-2009-00263','Dongjak-gu');
insert into Location values('3170000-101-2014-00224','Dongjak-gu');
insert into Location values('3010000-101-2013-00075','Dongjak-gu');
insert into Location values('3100000-101-2012-00022','Dongjak-gu');
insert into Location values('3240000-101-2011-00099','Dongjak-gu');
insert into Location values('3060000-101-2009-00039','Dongjak-gu');
insert into Location values('3050000-101-2010-00343','Dongjak-gu');
insert into Location values('3230000-101-2010-00465','Dongjak-gu');
insert into Location values('3010000-101-2009-00300','Dongjak-gu');
insert into Location values('3120000-101-2009-00091','Dongjak-gu');
insert into Location values('3040000-101-2006-00253','Dongjak-gu');
insert into Location values('3140000-101-2008-09203','Dongjak-gu');
insert into Location values('3220000-101-2008-00855','Dongjak-gu');
insert into Location values('3170000-101-2006-00188','Dongjak-gu');
insert into Location values('3010000-101-2006-00057','Dongjak-gu');
insert into Location values('3110000-101-2002-00320','Dongjak-gu');
insert into Location values('3190000-101-2002-00140','Gwanak-gu');
insert into Location values('3210000-101-2001-16071','Gwanak-gu');
insert into Location values('3220000-101-2001-23087','Gwanak-gu');
insert into Location values('3220000-101-1985-16419','Gwanak-gu');
insert into Location values('3130000-101-2002-00024','Gwanak-gu');
insert into Location values('3010000-101-1999-12347','Gwanak-gu');
insert into Location values('3150000-101-2004-00377','Gwanak-gu');
insert into Location values('3230000-101-2023-00052','Gwanak-gu');
insert into Location values('3000000-101-1985-08040','Gwanak-gu');
insert into Location values('3230000-101-2013-00584','Gwanak-gu');
insert into Location values('3150000-101-2012-00347','Gwanak-gu');

insert into Menu values('3230000-101-2023-00343','Braised Daepo (Rice Wine) and Chicken(For 2)','22000');
insert into Menu values('3230000-101-2023-00343','&Monster Jjimdak+Eumnyo 1gae(For 2-3)','34900');
insert into Menu values('3230000-101-2023-00343','Braised Daepo (Rice Wine) and Chicken(For 4/Bones/Maekomhan Mat)','44000');
insert into Menu values('3230000-101-2023-00343','Braised Daepo (Rice Wine) and Chicken(For 4/Bones/Spicy)','44000');
insert into Menu values('3230000-101-2023-00343','Braised Daepo (Rice Wine) and Chicken(For 4/Boneless/Mild)','44000');
insert into Menu values('3230000-101-2023-00343','Braised Daepo (Rice Wine) and Chicken(For 4/Boneless/Maekomhan Mat)','44000');
insert into Menu values('3230000-101-2023-00222','Jisune Ade','4800');
insert into Menu values('3230000-101-2023-00222','Watdeo Pan Cake+Modeun Eumnyo','11500');
insert into Menu values('3230000-101-2023-00222','Haemaen Cheese Keurawasang+Modeun Eumnyo','8000');
insert into Menu values('3230000-101-2023-00222','Chocolate Ice Cream','3800');
insert into Menu values('3230000-101-2023-00222','Set Menu','9900');
insert into Menu values('3230000-101-2023-00222','Jisunecheong','4800');
insert into Menu values('3230000-101-2023-00222','Appattal Smoothie(December to April)','4800');
insert into Menu values('3150000-101-2023-00052','Korean Beef Tenderloin Steak','66000');
insert into Menu values('3150000-101-2023-00052','Korean Beef and Strip Loin Steak','125000');
insert into Menu values('3150000-101-2023-00052','Rib Eye','98000');
insert into Menu values('3150000-101-2023-00052','Lamb Chops','98000');
insert into Menu values('3150000-101-2023-00052','Sea Bass','95000');
insert into Menu values('3150000-101-2023-00052','Codfish','85000');
insert into Menu values('3150000-101-2023-00052','Yeyak','16000');
insert into Menu values('3130000-101-2023-00288','Grilled Marinated Meat(To,Gonghyuil)','13000');
insert into Menu values('3130000-101-2023-00288','Beef Small Intestine Hot Pot(Small)','20000');
insert into Menu values('3130000-101-2023-00288','Beef Small Intestine Hot Pot(Large)','30000');
insert into Menu values('3130000-101-2023-00288','Kimchi Jjigae in a Large Brass Bowl(Small)','10000');
insert into Menu values('3130000-101-2023-00288','Kimchi Jjigae in a Large Brass Bowl(Medium)','14000');
insert into Menu values('3130000-101-2023-00288','Kimchi Jjigae in a Large Brass Bowl(Large)','19000');
insert into Menu values('3130000-101-2023-00288','Extra Ramyeon Noodles','1000');
insert into Menu values('3150000-101-2023-00204','Kimchi Jjigae','4000');
insert into Menu values('3150000-101-2023-00204','4~ 5inyong','95000');
insert into Menu values('3150000-101-2023-00204','2~ 3inyong','62000');
insert into Menu values('3150000-101-2023-00204','Buckwheat Noodles','6000');
insert into Menu values('3150000-101-2023-00204','Seafood Soybean Paste Jjigae','4000');
insert into Menu values('3150000-101-2023-00204','Hwayo 25','25000');
insert into Menu values('3220000-101-2023-00450','Seasonal Chilled Salad','50000');
insert into Menu values('3220000-101-2023-00450','Royal Hot Pot with Seafood','80000');
insert into Menu values('3220000-101-2023-00450','Royal Hot Pot','80000');
insert into Menu values('3220000-101-2023-00450','Geumjungtang','80000');
insert into Menu values('3220000-101-2023-00450','Bean Curd and Mushroom Hot Pot','70000');
insert into Menu values('3220000-101-2023-00450','Bamboo Shoot Salad with Ripe Persimmon Dressing','40000');
insert into Menu values('3220000-101-2023-00450','Gyejeol Byeolmi Chae','30000');
insert into Menu values('3220000-101-2023-00454','Potato Pancake','15000');
insert into Menu values('3220000-101-2023-00454','Spicy Fish Roe Soup','20000');
insert into Menu values('3220000-101-2023-00454','Fishcake Soup','22000');
insert into Menu values('3220000-101-2023-00454','Spicy Seafood Noodle Soup','20000');
insert into Menu values('3220000-101-2023-00454','Mandu Hot Pot','15000');
insert into Menu values('3220000-101-2023-00454','Bean Curd with Stir-fried Kimchi&Tuna','18000');
insert into Menu values('3110000-101-2023-00070','Grilled Korean Beef Large Intestines(180g)','34000');
insert into Menu values('3110000-101-2023-00070','Chicken Kimchi Jjigae','8000');
insert into Menu values('3110000-101-2023-00070','Grilled Boneless Galbi','40000');
insert into Menu values('3110000-101-2023-00070','Maehwasoo (Green Plum Liquor)','6000');
insert into Menu values('3110000-101-2023-00070','Bekseju','15000');
insert into Menu values('3110000-101-2023-00070','Hwarang (Sweet Rice Wine)','16000');
insert into Menu values('3180000-101-2022-00409','Bueongi Premium Maekju','12000');
insert into Menu values('3180000-101-2022-00409','Shrimp Popcorn Salad','6500');
insert into Menu values('3180000-101-2022-00409','Hoegaarden','8000');
insert into Menu values('3180000-101-2022-00409','Bueongi Suje Saengmaekju','6000');
insert into Menu values('3180000-101-2022-00409','C SET(4in Set)','83000');
insert into Menu values('3180000-101-2022-00409','B SET(3in Set)','66000');
insert into Menu values('3180000-101-2022-00409','A SET(2in Set)','44500');
insert into Menu values('3060000-101-2022-00139','Spicy Buckwheat Noodles','8000');
insert into Menu values('3060000-101-2022-00139','Cold Buckwheat Noodles','8000');
insert into Menu values('3060000-101-2022-00139','Kimchi Jjigae','8000');
insert into Menu values('3060000-101-2022-00139','Beef Brisket Soybean Paste Jjigae','8000');
insert into Menu values('3060000-101-2022-00139','Griddled Webfoot Octopus','10000');
insert into Menu values('3060000-101-2022-00139','Bulgogi','13000');
insert into Menu values('3060000-101-2022-00139','Spicy Beef Soup','9000');
insert into Menu values('3050000-101-2022-00115','Lemonade','6800');
insert into Menu values('3050000-101-2022-00115','Grapefruit Ade','6800');
insert into Menu values('3050000-101-2022-00115','Milk Tea','6000');
insert into Menu values('3050000-101-2022-00115','Crimson Punch','5800');
insert into Menu values('3050000-101-2022-00115','Rooibos Supreme','5300');
insert into Menu values('3050000-101-2022-00115','Royal Chamomile','4800');
insert into Menu values('3050000-101-2022-00115','Genmaicha','4800');
insert into Menu values('3030000-101-2023-00210','Kimchi Hot Pot(Minimum order of 2)','8000');
insert into Menu values('3030000-101-2023-00210','Special Premium SET(400g)','63000');
insert into Menu values('3030000-101-2023-00210','Handmade Sausage','12000');
insert into Menu values('3030000-101-2023-00210','Yangyeon Modeum B Set(580g)','59000');
insert into Menu values('3030000-101-2023-00210','Kimchi Jjigae','5000');
insert into Menu values('3030000-101-2023-00210','Yangyeon Modeum A Set(450g)','43000');
insert into Menu values('3030000-101-2023-00210','Spicy Eggs Ramyeon','3000');
insert into Menu values('3000000-101-1995-05197','Fishcake Soup with Webfoot Octopus and Squid','24000');
insert into Menu values('3000000-101-1995-05197','Coolpis','1500');
insert into Menu values('3000000-101-1995-05197','Chasuk Gui 1inbun','12000');
insert into Menu values('3000000-101-1995-05197','Unrefined Rice Wine','4000');
insert into Menu values('3000000-101-1995-05197','Griddled Webfoot Octopus','12000');
insert into Menu values('3000000-101-1995-05197','4in Set','69000');
insert into Menu values('3000000-101-1995-05197','Jjudon Jeongol+Steamed Rice+Fried Rice','7000');
insert into Menu values('3050000-101-2021-00370','Kimchi Jjigae','7000');
insert into Menu values('3050000-101-2021-00370','Sansachun (Hawberry and Cornelian Cherry Wine)','8000');
insert into Menu values('3050000-101-2021-00370','Beverages','2000');
insert into Menu values('3050000-101-2021-00370','Black Raspberry','12000');
insert into Menu values('3050000-101-2021-00370','Bekseju','10000');
insert into Menu values('3050000-101-2021-00370','Black Raspberry Wine','8000');
insert into Menu values('3150000-101-2021-00222','Bulgogi Set Menu','12000');
insert into Menu values('3150000-101-2021-00222','Hangarammaesilju(300ml)','14000');
insert into Menu values('3150000-101-2021-00222','Hangarammaesilju(600ml)','26000');
insert into Menu values('3150000-101-2021-00222','Hangarambokbunjaju(300ml)','25000');
insert into Menu values('3150000-101-2021-00222','Hangaramyujacheongju(300ml)','15000');
insert into Menu values('3150000-101-2021-00222','Cockle Salad','28000');
insert into Menu values('3030000-101-2019-00154','Pork Shoulder','7000');
insert into Menu values('3030000-101-2019-00154','Korean Beef and Sirloin Set Menu(Large)','197000');
insert into Menu values('3030000-101-2019-00154','Korean Beef and Sirloin Set Menu(Medium)','127000');
insert into Menu values('3030000-101-2019-00154','Korean Beef Bulgogi Set Menu','99000');
insert into Menu values('3030000-101-2019-00154','Premium(800g/For 4)','150000');
insert into Menu values('3030000-101-2019-00154','Special Menu(600g/For 3)','120000');
insert into Menu values('3030000-101-2019-00154','Soybean Paste Hot Pot(Hannaembi)','5000');
insert into Menu values('3120000-101-2018-00357','Grilled Pork Belly','15000');
insert into Menu values('3120000-101-2018-00357','Assorted Special(400g)','63000');
insert into Menu values('3120000-101-2018-00357','Hot Stone Pot Thistle Bibimbap','9000');
insert into Menu values('3120000-101-2018-00357','Wagyu and Sirloin(150g)','26000');
insert into Menu values('3120000-101-2018-00357','Kimchi Jjigae','8000');
insert into Menu values('3120000-101-2018-00357','Herbs Whole Pork Belly(180g)','15000');
insert into Menu values('3120000-101-2018-00357','Spicy Stir-fried Marinated Pork(250g)','14000');
insert into Menu values('3240000-101-2018-00348','Braised Pigs Feet and Spicy Sea Snail Salad','45000');
insert into Menu values('3240000-101-2018-00348','Soju','4000');
insert into Menu values('3240000-101-2018-00348','Beer','4000');
insert into Menu values('3240000-101-2018-00348','Braised Pigs Feet with Garlic','41000');
insert into Menu values('3240000-101-2018-00348','Unrefined Rice Wine','3000');
insert into Menu values('3240000-101-2018-00348','Chilled Braised Pigs Feet Salad','41000');
insert into Menu values('3240000-101-2018-00348','Jumbo Buckwheat Noodles','14000');
insert into Menu values('3180000-101-2018-00102','One Plate of Boiled Meat Slices(400g)','18000');
insert into Menu values('3180000-101-2018-00102','Buckwheat Noodles(Cold,Spicy/300g)','8000');
insert into Menu values('3180000-101-2018-00102','Buckwheat Crepe','7000');
insert into Menu values('3180000-101-2018-00102','Potato Pancake(260g)','10000');
insert into Menu values('3180000-101-2018-00102','Jumbo Buckwheat Mandu Soup(Dongjeolgipanmaejepum)','8000');
insert into Menu values('3180000-101-2018-00102','Hansan Sogokju','13000');
insert into Menu values('3180000-101-2018-00102','Solsongju (Traditional Korean Liquor)','12000');
insert into Menu values('3220000-101-2017-01267','7 Set Menu(Napa Wraps with Pork(Medium)1+Japchae 1+Beverages 2)','54000');
insert into Menu values('3220000-101-2017-01267','4 Set Menu(Spicy Beef Soup Hot Pot 1+Rolled Omelet 1+Beverages 2)','39000');
insert into Menu values('3220000-101-2017-01267','1 Set Menu(Spicy Beef Soup 2+Chive Pancake 1+Beverages 2)','41000');
insert into Menu values('3220000-101-2017-01267','2 Set Menu(Spicy Beef Soup 1+Ox Bone Soup 1+Kimchi Pancake 1+Beverages 2)','35000');
insert into Menu values('3220000-101-2017-01267','3 Set Menu(Sausage Hot Pot 1+Japchae 1+Beverages 2)','52000');
insert into Menu values('3220000-101-2017-01267','5 Set Menu(Japchae 1+Seafood and Green Onion Pancake 1+Seafood Tteokbokki 1+Beverages 2)','60000');
insert into Menu values('3220000-101-2017-01267','6 Set Menu(Bulgogi 1+Kimchi Pancake 1+Beverages 2)','42000');
insert into Menu values('3150000-101-2016-00357','8in Set(B Set 2gae)','142000');
insert into Menu values('3150000-101-2016-00357','Beef Bone Soup Special','12000');
insert into Menu values('3150000-101-2016-00357','Kimchi and Seafood Pancake','14000');
insert into Menu values('3150000-101-2016-00357','Galbi Soup','14000');
insert into Menu values('3150000-101-2016-00357','Suyuk 2in Set','43000');
insert into Menu values('3150000-101-2016-00357','Suyuk 3~ 4in Set','67000');
insert into Menu values('3150000-101-2016-00357','Suyuk 2in Set(Dinner)','49000');
insert into Menu values('3000000-101-1987-04314','Maehwasoo (Green Plum Liquor)','5000');
insert into Menu values('3000000-101-1987-04314','Soju','5000');
insert into Menu values('3000000-101-1987-04314','Soju Topping-Hongcho (Vinegar Drink),Green Plum','2000');
insert into Menu values('3000000-101-1987-04314','Beer','5000');
insert into Menu values('3000000-101-1987-04314','Kloud Beer','6000');
insert into Menu values('3000000-101-1987-04314','Unrefined Rice Wine','4000');
insert into Menu values('3000000-101-1987-04314','Chungha (Refined Rice Wine)','5000');
insert into Menu values('3090000-101-2018-00051','Guaba Ripeuresyeo','6800');
insert into Menu values('3090000-101-2018-00051','Green Tangerine Tea(HOT/ICE)','6500');
insert into Menu values('3090000-101-2018-00051','Hallabong Ripeuresyeo','6800');
insert into Menu values('3090000-101-2018-00051','Passion Fruits Ripeuresyeo','6800');
insert into Menu values('3090000-101-2018-00051','Pangki Latte','6500');
insert into Menu values('3090000-101-2018-00051','Brown Syugeo Dutch Keo Latte','6000');
insert into Menu values('3090000-101-2018-00051','Decaffeinated','5000');
insert into Menu values('3180000-101-2018-00102','Gipeunmat Makgeolli Sampler 5jong','8000');
insert into Menu values('3180000-101-2018-00102','Assorted Potato Pancake(Mung Bean,Chive,Gamja 3chongsa 390g)','18000');
insert into Menu values('3180000-101-2018-00102','100% Buckwheat Pancake','25000');
insert into Menu values('3180000-101-2018-00102','Dalkeunhan Makgeolli Sampler 5jong','32000');
insert into Menu values('3180000-101-2018-00102','Hansan Sogokju','12000');
insert into Menu values('3180000-101-2018-00102','Solsongju (Traditional Korean Liquor)','18000');
insert into Menu values('3180000-101-2018-00102','Leegangju','13000');
insert into Menu values('3180000-101-2018-00102','Ryeo??jeungnyu Soju 25(75ml)','10000');
insert into Menu values('3180000-101-2018-00102','Gangsoe','6000');
insert into Menu values('3180000-101-2018-00102','Yagwanmunjusuri','7000');
insert into Menu values('3180000-101-2018-00102','Cheonbihyang','7000');
insert into Menu values('3180000-101-2018-00102','Sulgeurida','12000');
insert into Menu values('3180000-101-2018-00102','Haechang','12000');
insert into Menu values('3180000-101-2018-00102','Sura','9000');
insert into Menu values('3180000-101-2018-00102','Songmyeongseop','7000');
insert into Menu values('3180000-101-2018-00102','Horangi','6000');
insert into Menu values('3180000-101-2018-00102','Neurinmaeul','6000');
insert into Menu values('3180000-101-2018-00102','Chestnut','5000');
insert into Menu values('3180000-101-2018-00102','Jipyeong','5000');
insert into Menu values('3180000-101-2018-00102','Old-fashioned Unrefined Rice Wine ͯ','6000');
insert into Menu values('3180000-101-2018-00102','Coca Cola','22000');
insert into Menu values('3180000-101-2018-00102','Cider','6000');
insert into Menu values('3180000-101-2018-00102','Beer','5000');
insert into Menu values('3180000-101-2018-00102','Soju','13000');
insert into Menu values('3180000-101-2018-00102','Hallasan','8000');
insert into Menu values('3180000-101-2018-00102','Unrefined Rice Wine(Seontaekganeung)','12000');
insert into Menu values('3180000-101-2018-00102','Jeontongju Sampler 5jong','9000');
insert into Menu values('3180000-101-2018-00102','Makgeolli Sampler 8jong','12000');
insert into Menu values('3180000-101-2018-00102','Sprout and Vegetables','25000');
insert into Menu values('3180000-101-2018-00102','Extra Serving of 250g(Jumunhu)','40000');
insert into Menu values('3180000-101-2018-00102','Extra Serving of 150g(Jumunjeon)','8000');
insert into Menu values('3180000-101-2018-00102','Sun Memil Chaesingmak Guksu(250g)','12000');
insert into Menu values('3180000-101-2018-00102','Sun Memil Onmyeon(Dongjeolgipanmaejepum/200g)','8000');
insert into Menu values('3180000-101-2018-00102','Pure Buckwheat Noodles(Spicy 300g)','8000');
insert into Menu values('3180000-101-2018-00102','Pure Buckwheat Noodles(300g)','9000');
insert into Menu values('3180000-101-2018-00102','Jalppajin Hansang','9000');
insert into Menu values('3180000-101-2018-00102','Sun Memil Suyuk Jeongsik(Pyeongil14si30bun Ijeon)','5000');
insert into Menu values('3180000-101-2018-00102','Potato Pancake(260g)','5000');
insert into Menu values('3180000-101-2018-00102','Buckwheat Crepe','2000');
insert into Menu values('3180000-101-2018-00102','Buckwheat Noodles(Cold,Spicy/300g)','2000');
insert into Menu values('3180000-101-2018-00102','One Plate of Boiled Meat Slices(400g)','2000');
insert into Menu values('3180000-101-2018-00102','Jalppajin Modum Hansang','13000');
insert into Menu values('3180000-101-2018-00102','Jalppajin Modum Hwansang(For 2)','13000');
insert into Menu values('3180000-101-2018-00102','Buckwheat Crepe with Buckwheat Sprouts(Seafood)','8000');
insert into Menu values('3180000-101-2018-00102','Buckwheat Crepe with Buckwheat Sprouts(Buckwheat Noodles)','9000');
insert into Menu values('3180000-101-2018-00102','Jumbo Buckwheat Mandu(4P)','9000');
insert into Menu values('3180000-101-2018-00102','Mandu Hot Pot(For 3)','12000');
insert into Menu values('3180000-101-2018-00102','Mandu Hot Pot(For 1)','10000');
insert into Menu values('3110000-101-2023-00070','Grilled Beef Tripe Special','35000');
insert into Menu values('3110000-101-2023-00070','Grilled Korean Beef Large Intestines','34000');
insert into Menu values('3110000-101-2023-00070','Grilled Korean Beef Chuck Flap Tail','73000');
insert into Menu values('3110000-101-2023-00070','Korean Beef Rib Eye Steak','63000');
insert into Menu values('3110000-101-2023-00070','Jumbo Grilled Marinated Galbi','41000');
insert into Menu values('3110000-101-2023-00070','Grilled Beef Tripe Special','35000');
insert into Menu values('3110000-101-2023-00070','Grilled Korean Beef Large Intestines','34000');
insert into Menu values('3110000-101-2023-00070','Grilled Korean Beef Chuck Flap Tail','73000');
insert into Menu values('3110000-101-2023-00070','Korean Beef Rib Eye Steak','63000');
insert into Menu values('3110000-101-2023-00070','Jumbo Grilled Marinated Galbi','41000');
insert into Menu values('3150000-101-2017-00622','Hot Pot Noodles','17000');
insert into Menu values('3150000-101-2017-00622','Beef Noodles','11000');
insert into Menu values('3150000-101-2017-00622','Boiled Meat Slices(Large)','55000');
insert into Menu values('3150000-101-2017-00622','Rib Eye','40000');
insert into Menu values('3150000-101-2017-00622','Grilled Boneless Galbi','35000');
insert into Menu values('3030000-101-2023-00210','Grilled Pork Belly(160g)','15000');
insert into Menu values('3030000-101-2023-00210','Pork Shoulder(160g)','15000');
insert into Menu values('3030000-101-2023-00210','Grilled Skirt Meat(130g)','15000');
insert into Menu values('3030000-101-2023-00210','Grilled Pork Neck(130g)','17000');
insert into Menu values('3030000-101-2023-00210','Peulluma(150g)','20000');
insert into Menu values('3030000-101-2023-00210','Seolhwa Grilled Boneless Galbi(Boneless Galbi/150g)','25000');
insert into Menu values('3000000-101-1995-05197','Beef Brisket and Webfoot Octopus Hot Pot','9000');
insert into Menu values('3000000-101-1995-05197','Stir-fried Webfoot Octopus with Rice','9000');
insert into Menu values('3000000-101-1995-05197','Beef Bulgogi with Rice','9000');
insert into Menu values('3060000-101-2022-00139','Spicy Beef Soup','9000');
insert into Menu values('3060000-101-2022-00139','Kimchi Jjigae','8000');
insert into Menu values('3060000-101-2022-00139','Grilled Boneless Galbi','32000');
insert into Menu values('3060000-101-2022-00139','Grilled Boneless Galbi','42000');
insert into Menu values('3120000-101-2018-00357','Assorted Beef(600g)','80000');
insert into Menu values('3120000-101-2018-00357','Assorted Beef(300g)','40000');
insert into Menu values('3120000-101-2018-00357','Sirloin(180g)','35000');
insert into Menu values('3120000-101-2018-00357','Beef Tartare(150g)','25000');
insert into Menu values('3120000-101-2018-00357','Chuck Flap Tail(180g)','25000');
insert into Menu values('3120000-101-2018-00357','Top Blade(180g)','25000');
insert into Menu values('3120000-101-2018-00357','Grilled Pork Galbi(250g)','15000');
insert into Menu values('3120000-101-2018-00357','Whole Pork Belly(180g)','15000');
insert into Menu values('3120000-101-2018-00357','Pyeongyang Cold Buckwheat Noodles(Cold)','9000');
insert into Menu values('3120000-101-2018-00357','Pyeongyang Cold Buckwheat Noodles(Spicy)','9000');
insert into Menu values('3120000-101-2018-00357','Jeyuk Ssambap Jeongsik','9000');
insert into Menu values('3120000-101-2018-00357','Spicy Beef Soup with Small Intestines','9000');
insert into Menu values('3120000-101-2018-00357','Hot Stone Pot Bibimbap','9000');
insert into Menu values('3120000-101-2018-00357','Old-fashioned Bulgogi Set Menu','10000');
insert into Menu values('3120000-101-2018-00357','Old-fashioned Bulgogi Set Menu(Minimum order of 2)','10000');
insert into Menu values('3120000-101-2018-00357','Old-fashioned Bulgogi Set Menu(Minimum order of 2)','10000');
insert into Menu values('3120000-101-2018-00357','Old-fashioned Bulgogi Set Menu(Minimum order of 2)','10000');
insert into Menu values('3120000-101-2018-00357','Old-fashioned Bulgogi Set Menu(Minimum order of 2)','10000');
insert into Menu values('3120000-101-2018-00357','Old-fashioned Bulgogi Set Menu(Minimum order of 2)','10000');
insert into Menu values('3120000-101-2018-00357','Old-fashioned Bulgogi Set Menu(Minimum order of 2)','10000');
insert into Menu values('3230000-101-2023-00222','Brownies Set Menu','9200');
insert into Menu values('3230000-101-2023-00222','Nutella Set Menu','10800');
insert into Menu values('3230000-101-2023-00222','Caramel Scone Set Menu','10800');
insert into Menu values('3230000-101-2023-00222','Keuku Croissant Set','12000');
insert into Menu values('3230000-101-2023-00222','Lotus Croissant Set Menu','12240');
insert into Menu values('3230000-101-2023-00222','Tterua Wine Nacho','23120');
insert into Menu values('3230000-101-2023-00222','Tterua Wine Cheese','47920');
insert into Menu values('3120000-101-2018-00357','Galbi Soup','10000');
insert into Menu values('3120000-101-2018-00357','Rice Soup','8000');
insert into Menu values('3120000-101-2018-00357','Old-fashioned Soybean Paste Jjigae','8000');
insert into Menu values('3120000-101-2018-00357','Kimchi and Mandu Hot Pot','9000');
insert into Menu values('3120000-101-2018-00357','Octopus and Small Intestine Hot Pot(Small)','22000');
insert into Menu values('3120000-101-2018-00357','Octopus and Small Intestine Hot Pot(Medium)','33000');
insert into Menu values('3120000-101-2018-00357','Octopus and Small Intestine Hot Pot(Large)','44000');
insert into Menu values('3090000-101-2018-00051','Avocado Salad SET','12500');
insert into Menu values('3090000-101-2018-00051','Bokkochini Salad Set','12500');
insert into Menu values('3090000-101-2018-00051','Cinnamon Croffle SET','14000');
insert into Menu values('3090000-101-2018-00051','Ham&Cheese Croffle SET','14000');
insert into Menu values('3090000-101-2018-00051','[yeyaksangpum]basque Cheese Cake 2ho','42000');
insert into Menu values('3090000-101-2018-00051','[yeyaksangpum]ttalgi Saeng Cream Cake','42000');
insert into Menu values('3090000-101-2018-00051','[yeyaksangpum]blooming Cake','42000');
insert into Menu values('3090000-101-2018-00051','[yeyaksangpum]macaroon Set','19000');
insert into Menu values('3090000-101-2018-00051','Pound Cake(Vanilla Bean)SET','19000');
insert into Menu values('3090000-101-2018-00051','Pound Cake(Citrus)SET','19000');
insert into Menu values('3130000-101-2023-00288','Sossi Jamaedan(For 3~4)','85000');
insert into Menu values('3130000-101-2023-00288','Sowa Hyeongjedeul(2~ 3inbun)','59000');
insert into Menu values('3130000-101-2023-00288','Dwaeji Samchongsa','39000');
insert into Menu values('3130000-101-2023-00288','Grilled Beef Small Intestines(160g)','20000');
insert into Menu values('3130000-101-2023-00288','Beef Brisket(160g)','17000');
insert into Menu values('3130000-101-2023-00288','Grilled Beef Tripe(160g)','20000');
insert into Menu values('3130000-101-2023-00288','Beef Large Intestine(200g)','20000');
insert into Menu values('3130000-101-2023-00288','Grilled Boneless Galbi(160g)','20000');
insert into Menu values('3130000-101-2023-00288','Heart(200g)','12000');
insert into Menu values('3130000-101-2023-00288','Udaegwon(250g/Udae Galbi/2in Isang Jumunganeung)','18000');
insert into Menu values('3130000-101-2023-00288','Beef Offal Hot Pot(Small)','35000');
insert into Menu values('3130000-101-2023-00288','Beef Offal Hot Pot(Large)','45000');
insert into Menu values('3130000-101-2023-00288','Grilled Pork Tripe(Marinated/200g)','15000');
insert into Menu values('3130000-101-2023-00288','Grilled Pork Tripe(Salted/200g)','15000');
insert into Menu values('3130000-101-2023-00288','Grilled Pork Tripe(Bul/200g)','15000');
insert into Menu values('3130000-101-2023-00288','One Dish Hot Pot(Siksa Yong)','12000');
insert into Menu values('3130000-101-2023-00288','Tea(Dol)Kkak(Du)Rice Ball','5000');
insert into Menu values('3130000-101-2023-00288','Spicy Large Intestines Ramyeon','8000');
insert into Menu values('3130000-101-2023-00288','Steamed Rice','1000');
insert into Menu values('3130000-101-2023-00288','Vegetables Sticks','1000');
insert into Menu values('3130000-101-2023-00288','Cream Cheese(Portion 1gae)','1000');
insert into Menu values('3150000-101-2017-00622','Bulgogi Set Menu','22000');
insert into Menu values('3150000-101-2017-00622','Mandu Shabu-shabu Hot Pot','20000');
insert into Menu values('3150000-101-2017-00622','Beef Brisket and Vegetables Shabu-shabu(For 1)','28000');
insert into Menu values('3150000-101-2017-00622','2 Set Menu','36000');
insert into Menu values('3150000-101-2017-00622','1 Set Menu','48000');
insert into Menu values('3150000-101-2017-00622','Handmade Mandu(Medium)','8000');
insert into Menu values('3150000-101-2017-00622','Handmade Mandu(Small)','6000');
insert into Menu values('3150000-101-2017-00622','Boiled Meat Slices(Small)','35000');
insert into Menu values('3180000-101-2018-00102','Potato Pancake','10000');
insert into Menu values('3180000-101-2018-00102','Jalppajin Bapsang(Cold)','12000');
insert into Menu values('3180000-101-2018-00102','Jalppajin Bapsang(Spicy)','13000');
insert into Menu values('3180000-101-2018-00102','Buckwheat Noodles(Cold)','8000');
insert into Menu values('3180000-101-2018-00102','Buckwheat Noodles(Spicy)','9000');
insert into Menu values('3180000-101-2018-00102','Jalppajin Sulsang 2in','25000');
insert into Menu values('3180000-101-2018-00102','3chongsa Modum Gamja Jeon','13000');
insert into Menu values('3150000-101-2017-00465','Weekday Lunch(12:00~15:00/Adult/For 1)','87300');
insert into Menu values('3150000-101-2017-00465','Weekday Lunch(12:00~15:00/Elementary School Student/For 1)','55000');
insert into Menu values('3150000-101-2017-00465','Weekday Lunch(12:00~15:00/Michwihak/For 1)','30000');
insert into Menu values('3150000-101-2017-00465','Jujung Jeonyeok(17:00~19:00/Adult/For 1)','103500');
insert into Menu values('3150000-101-2017-00465','Jujung Jeonyeok(18:00~21:00/Elementary School Student/For 1)','60000');
insert into Menu values('3150000-101-2017-00465','Jujung Jeonyeok(18:00~21:00/Michwihak/For 1)','35000');
insert into Menu values('3150000-101-2017-00465','Jumal Mit Gonghyuil Jeomsim(11:00~13:00/Adult/For 1)','109250');
insert into Menu values('3210000-101-2017-00296','Chefs Special(Room Lunch Menu 11:30-15:00)','160000');
insert into Menu values('3210000-101-2017-00296','Seasonal Specials(Room Lunch Menu 11:30-15:00)','130000');
insert into Menu values('3210000-101-2017-00296','Saku Ra(Room Lunch Menu 11:30-15:00)','115000');
insert into Menu values('3210000-101-2017-00296','Sushi Course Special(Room Lunch Menu 11:30-15:00)','110000');
insert into Menu values('3210000-101-2017-00296','Eel Special(Room Lunch Menu 11:30-15:00)','110000');
insert into Menu values('3210000-101-2017-00296','Lunch Box Special(Room Lunch Menu 11:30-15:00)','100000');
insert into Menu values('3210000-101-2017-00296','Syuchiku Jorijang Teukseon(Room Lunch Menu 11:30-15:00)','98000');
insert into Menu values('3210000-101-2017-00296','Sliced Raw Fish Special (Room Lunch Menu 11:30-15:00)','250000');
insert into Menu values('3070000-101-2016-00320','Bello(Jujung Jeomsim 1bu/11:30-13:00)','125000');
insert into Menu values('3070000-101-2016-00320','Leo (Thai Beer)(Jujung Jeomsim 1bu/11:30-13:00)','100000');
insert into Menu values('3070000-101-2016-00320','Montana(Jujung Jeomsim 1bu/11:30-13:00)','80000');
insert into Menu values('3070000-101-2016-00320','Lunch B Course Menu(Jujung Jeomsim 1bu/11:30-13:00)','65000');
insert into Menu values('3070000-101-2016-00320','Sol Sol(Jujung Dinner 1bu/17:30-19:30)','230000');
insert into Menu values('3070000-101-2016-00320','Runa(Jujung Dinner 1bu/17:30-19:30)','179000');
insert into Menu values('3210000-101-2017-00296','Salt-grilled Sea Bream Head(Hall Menu)','49000');
insert into Menu values('3150000-101-2016-00357','Boiled Meat Slices(Large)','45000');
insert into Menu values('3150000-101-2016-00357','Boiled Meat Slices(Medium)','35000');
insert into Menu values('3150000-101-2016-00357','Boiled Meat Slices(Small)','27000');
insert into Menu values('3150000-101-2016-00357','Naju Pan-fried Battered Meat','20000');
insert into Menu values('3150000-101-2016-00357','Octopus and Green Onion Pancake','18000');
insert into Menu values('3150000-101-2016-00357','Pan-fried Battered Fermented Skate Fillet','20000');
insert into Menu values('3150000-101-2016-00357','Kimchi Pancake','12000');
insert into Menu values('3090000-101-2018-00051','[yeyaksangpum]guumgwaja Set','25000');
insert into Menu values('3090000-101-2018-00051','Reoseukeu 3jong Set','19500');
insert into Menu values('3090000-101-2018-00051','[yeyaksangpum]vanilla Bean Pound Cake','12500');
insert into Menu values('3090000-101-2018-00051','[yeyaksangpum]yuja Pound Cake','11500');
insert into Menu values('3090000-101-2018-00051','[yeyaksangpum]choco Pound Cake','12000');
insert into Menu values('3090000-101-2018-00051','[yeyaksangpum]pound Cake 2jong Set(Vanilla Bean Pound Cake+Citrus Pound Cake)','22000');
insert into Menu values('3090000-101-2018-00051','[yeyaksangpum]pound Cake 2jong Set(Vanilla Pound Cake+Chocolate Pound Cake)','22500');
insert into Menu values('3240000-101-2016-00281','Seaweed Fulvescens, Plaice and Seaweed Soup','11000');
insert into Menu values('3240000-101-2016-00281','Seaweed Fulvescens, Clam and Seaweed Soup','11000');
insert into Menu values('3240000-101-2016-00281','Seaweed Fulvescens, Beef and Seaweed Soup','13000');
insert into Menu values('3240000-101-2016-00281','Seaweed Fulvescens, Abalone, and Plaice and Seaweed Soup','16000');
insert into Menu values('3240000-101-2016-00281','Seaweed Fulvescens, Abalone, and Clam and Seaweed Soup','16000');
insert into Menu values('3020000-101-2015-00095','Spicy Braised Galbi(For 1)','25000');
insert into Menu values('3020000-101-2015-00095','Spicy Braised Galbi_Extra Serving of Noodles(Udon)','2000');
insert into Menu values('3020000-101-2015-00095','Spicy Braised Galbi_Extra Serving of Noodles(Extra Rice Cake)','2000');
insert into Menu values('3020000-101-2015-00095','Spicy Braised Galbi_Extra Serving of Noodles(Cheese Rice Cake)','2000');
insert into Menu values('3020000-101-2015-00095','Tsingtao','7000');
insert into Menu values('3020000-101-2015-00095','So Hanmari A(830g)','25000');
insert into Menu values('3020000-101-2015-00095','So Hanmari B(500g)','69000');
insert into Menu values('3120000-101-2014-00234','Assorted Premium Imported Beef(450g)','65000');
insert into Menu values('3120000-101-2014-00234','Assorted Korean Beef Special(Korean Beef,Beef,Miguksan/450g)','78000');
insert into Menu values('3120000-101-2014-00234','Premium Imported Beef(Thin Skirt 150g)','23000');
insert into Menu values('3120000-101-2014-00234','Special Boneless Ribs(Jjak Galbi)(Marinated/150g)','24000');
insert into Menu values('3120000-101-2014-00234','Special Boneless Ribs(Jjak Galbi)(/150g)','24000');
insert into Menu values('3120000-101-2014-00234','Ib?rico and Pork Shoulder(Spanish/150g)','23000');
insert into Menu values('3240000-101-2016-00281','Braised Half-dried Pollack Set Menu(Spicy)','13000');
insert into Menu values('3240000-101-2016-00281','Dolsaejeonjang Jeongsik','15000');
insert into Menu values('3240000-101-2016-00281','Sliced Raw Abalone Salad(Small)','12000');
insert into Menu values('3240000-101-2016-00281','Sliced Raw Abalone Salad(Large)','23000');
insert into Menu values('3240000-101-2016-00281','Boiled Abalone Slices','39000');
insert into Menu values('3240000-101-2016-00281','Modum Dolsaejeonjang','35000');
insert into Menu values('3090000-101-2018-00051','[yeyaksangpum]palmikkare Set','19500');
insert into Menu values('3090000-101-2018-00051','[yeyaksangpum]cookie Set','26000');
insert into Menu values('3090000-101-2018-00051','[yeyaksangpum]coconut Danggeun Pound Cake','12000');
insert into Menu values('3090000-101-2018-00051','[yeyaksangpum]pound Cake 2jong Set(Vanilla Bean Pound Cake+Coconut and Carrots Pound Cake)','22500');
insert into Menu values('3090000-101-2018-00051','[yeyaksangpum]cookie Hanassik Set','10500');
insert into Menu values('3000000-101-1995-05197','Special Grilled Beef Brisket and Webfoot Octopus Set Menu For 2','41000');
insert into Menu values('3000000-101-1995-05197','Special Grilled Beef Brisket and Webfoot Octopus Set Menu For 3','57000');
insert into Menu values('3000000-101-1995-05197','Special Grilled Beef Brisket and Webfoot Octopus Set Menu For 4','73000');
insert into Menu values('3000000-101-1995-05197','Special Grilled Beef Brisket and Webfoot Octopus&Fishcake Soup Set Menu For 2','42000');
insert into Menu values('3000000-101-1995-05197','Special Grilled Beef Brisket and Webfoot Octopus&Fishcake Soup Set Menu For 3','58000');
insert into Menu values('3000000-101-1995-05197','Special Grilled Beef Brisket and Webfoot Octopus&Fishcake Soup Set Menu For 4','74000');
insert into Menu values('3000000-101-1995-05197','Chajju Jeongol 2in Set','36000');
insert into Menu values('3230000-101-2023-00222','Watdeo Pancakes Set Menu','12600');
insert into Menu values('3230000-101-2023-00222','Nutella Virgin Set Menu','16600');
insert into Menu values('3230000-101-2023-00222','Fruits Pancakes Set Menu','17400');
insert into Menu values('3230000-101-2023-00222','Sausage, Eggs and Fruits Set Menu','17400');
insert into Menu values('3230000-101-2023-00222','Bacon, Scrambled Eggs and Pancakes Set Menu','18200');
insert into Menu values('3230000-101-2023-00222','Brownies Set Menu','10200');
insert into Menu values('3020000-101-2015-00095','???? Sirloin','39000');
insert into Menu values('3020000-101-2015-00095','???? Spicy Stir-fried Marinated Sirloin','35000');
insert into Menu values('3020000-101-2015-00095','???? Beef Tongue','33000');
insert into Menu values('3020000-101-2015-00095','????neobi Modum','72000');
insert into Menu values('3020000-101-2015-00095','???? Beef Tartare','28000');
insert into Menu values('3020000-101-2015-00095','???? Sliced Raw Beef','38000');
insert into Menu values('3150000-101-2017-00465','Jujung Jeonyeok(18:00~21:00/Adult/For 1)','103500');
insert into Menu values('3150000-101-2017-00465','Jujung Jeonyeok 2bu(19:30~21:30/Adult/For 1)','103500');
insert into Menu values('3150000-101-2017-00465','Jumal Mit Gonghyuil Jeomsim 1bu(11:00~13:00/Adult/For 1)','109250');
insert into Menu values('3150000-101-2017-00465','Jumal Mit Gonghyuil Jeomsim 2bu(13:30~15:30/Adult/For 1)','109250');
insert into Menu values('3150000-101-2017-00465','Jumal Mit Gonghyuil Jeonyeok 1bu(17:00~19:00/Adult/For 1)','109250');
insert into Menu values('3150000-101-2017-00465','Jumal Mit Gonghyuil Jeonyeok 2bu(19:30~21:30/Adult/For 1)','109250');
insert into Menu values('3090000-101-2013-00100','Bone and Pork Backbone Stew(Large)','39000');
insert into Menu values('3090000-101-2013-00100','Bone and Pork Backbone Stew(Medium)','32000');
insert into Menu values('3090000-101-2013-00100','Bone and Pork Backbone Stew(Small)','25000');
insert into Menu values('3090000-101-2013-00100','Seafood, Bone and Pork Backbone Stew(Large)','42000');
insert into Menu values('3090000-101-2013-00100','Seafood, Bone and Pork Backbone Stew(Medium)','37000');
insert into Menu values('3090000-101-2013-00100','Spicy Braised Seafood and Backbone(Large)','47000');
insert into Menu values('3090000-101-2013-00100','Spicy Braised Seafood and Backbone(Medium)','42000');
insert into Menu values('3040000-101-2013-00116','Spicy Seafood Noodle Soup','8000');
insert into Menu values('3040000-101-2013-00116','Spicy Seafood and Rice Soup','8000');
insert into Menu values('3040000-101-2013-00116','Spicy Seafood and Soft Bean Curd Soup with Rice','10000');
insert into Menu values('3040000-101-2013-00116','Noodles in Black Bean Sauce','6000');
insert into Menu values('3040000-101-2013-00116','Fried Rice','8000');
insert into Menu values('3040000-101-2013-00116','Stir-fried Squid with Rice','9000');
insert into Menu values('3040000-101-2013-00116','Stir-fried Pork with Rice','9000');
insert into Menu values('3040000-101-2013-00116','Jumbo Pan-fried Mandu','6000');
insert into Menu values('3030000-101-2011-00076','Noodles in Black Bean Sauce','5000');
insert into Menu values('3030000-101-2011-00076','Spicy Seafood Noodle Soup','6000');
insert into Menu values('3030000-101-2011-00076','Lunch Course Menu','25000');
insert into Menu values('3240000-101-2010-00326','A+Set Menu(For 1)','30000');
insert into Menu values('3240000-101-2010-00326','A Set Menu(For 1)','25000');
insert into Menu values('3240000-101-2010-00326','B Set Menu(For 1)','20000');
insert into Menu values('3240000-101-2010-00326','Lunch Set Menu Special(For 1)','15000');
insert into Menu values('3240000-101-2010-00326','Boiled Meat Slices Bean Curd Kimchi','30000');
insert into Menu values('3240000-101-2010-00326','Stir-fried Octopus','30000');
insert into Menu values('3160000-101-2009-00202','Korean Galbi Soup(For 1)','13000');
insert into Menu values('3160000-101-2009-00202','Korean Beef and Napa Cabbage Rice Soup','6000');
insert into Menu values('3160000-101-2009-00202','Korean Beef Brisket Soybean Paste Jjigae','7000');
insert into Menu values('3160000-101-2009-00202','Kimchi Jjigae','7000');
insert into Menu values('3160000-101-2009-00202','Extra Ramyeon Noodles','1000');
insert into Menu values('3160000-101-2009-00202','Cold Buckwheat Noodles','8000');
insert into Menu values('3160000-101-2009-00202','Spicy Buckwheat Noodles','8000');
insert into Menu values('3050000-101-2009-00112','Pork Shoulder','12000');
insert into Menu values('3050000-101-2009-00112','Grilled Pork Neck','13000');
insert into Menu values('3050000-101-2009-00112','Blade-end Fatback','12000');
insert into Menu values('3050000-101-2009-00112','Grilled Pork Galbi(250g/For 1)','12000');
insert into Menu values('3050000-101-2009-00112','Grilled Pork Belly','12000');
insert into Menu values('3050000-101-2009-00112','Beef Tartare Bibimbap','10000');
insert into Menu values('3050000-101-2009-00112','Galbi Soup','8000');
insert into Menu values('3000000-101-2008-00163','Puffer Fish Soup(Small)','28000');
insert into Menu values('3000000-101-2008-00163','Puffer Fish Soup(Medium)','40000');
insert into Menu values('3000000-101-2008-00163','Puffer Fish Soup(Large)','52000');
insert into Menu values('3000000-101-2008-00163','Puffer Fish Shabu-shabu(Medium)','39000');
insert into Menu values('3000000-101-2008-00163','Puffer Fish Shabu-shabu(Large)','49000');
insert into Menu values('3000000-101-2008-00163','Braised Puffer Fish(Small)','30000');
insert into Menu values('3140000-101-2010-00207','Clay-baked Loach Soup Set Menu(For 8)','40000');
insert into Menu values('3140000-101-2010-00207','Clay-baked Loach Soup Set Menu(For 15)','70000');
insert into Menu values('3140000-101-2010-00207','Chueotang Pojang','5000');
insert into Menu values('3200000-101-2008-00210','Bean Sprout and Rice Soup(For 1)','6000');
insert into Menu values('3200000-101-2008-00210','Bean Sprout, Oyster and Rice Soup','8000');
insert into Menu values('3200000-101-2008-00210','Bean Sprout Bibimbap','6000');
insert into Menu values('3200000-101-2008-00210','Boiled Meat Slices','15000');
insert into Menu values('3200000-101-2008-00210','Buchujangtteok','6000');
insert into Menu values('3180000-101-2011-00228','Grilled Marinated Boneless Galbi(For 3~4/1.2kg)','64000');
insert into Menu values('3180000-101-2011-00228','Boneless Galbi(For 3~4/1kg)','64000');
insert into Menu values('3180000-101-2011-00228','Sirloin(For 3~4/1kg)','64000');
insert into Menu values('3180000-101-2011-00228','Saengtosi(For 3~4/1kg)','64000');
insert into Menu values('3180000-101-2011-00228','Grilled Marinated Boneless Galbi(For 1~2/0.6g)','36000');
insert into Menu values('3120000-101-2008-00013','Small Intestines','23000');
insert into Menu values('3120000-101-2008-00013','Beef Tripe','25000');
insert into Menu values('3120000-101-2008-00013','Grilled Tripe','20000');
insert into Menu values('3120000-101-2008-00013','Assorted(Minimum order of 2)','28000');
insert into Menu values('3120000-101-2008-00013','Yang Suyuk(Medium)','28000');
insert into Menu values('3120000-101-2008-00013','Yang Suyuk(Large)','38000');
insert into Menu values('3120000-101-2008-00013','Heart','10000');
insert into Menu values('3120000-101-2008-00013','Yangbap','13000');
insert into Menu values('3130000-101-2006-00538','Jangsu Dak Hanmari(Large)','40000');
insert into Menu values('3130000-101-2006-00538','Jangsu Dak Hanmari(Medium)','30000');
insert into Menu values('3130000-101-2006-00538','Jangsu Dak Hanmari(Small)','20000');
insert into Menu values('3130000-101-2006-00538','Extra Serving of Noodles(Noodle Soup)','2000');
insert into Menu values('3130000-101-2006-00538','Extra Serving of Noodles(Rice Cake)','2000');
insert into Menu values('3130000-101-2006-00538','Extra Serving of Noodles(Hand-pulled Dough Soup)','2000');
insert into Menu values('3130000-101-2006-00538','Extra Serving of Noodles(Potatoes)','2000');
insert into Menu values('3130000-101-2006-00538','Extra Serving of Noodles(Porridge)','2000');
insert into Menu values('3010000-101-2006-00389','Special','38000');
insert into Menu values('3010000-101-2006-00389','Royal','50000');
insert into Menu values('3010000-101-2006-00389','Chef's Special','80000');
insert into Menu values('3010000-101-2006-00389','Eorayeon Teukseon','110000');
insert into Menu values('3010000-101-2006-00389','Assorted Sushi','15000');
insert into Menu values('3010000-101-2006-00389','Assorted Sushi Special','18000');
insert into Menu values('3010000-101-2006-00389','Tuna Sushi','15000');
insert into Menu values('3010000-101-2006-00389','Salmon Sushi','13000');
insert into Menu values('3010000-101-2006-00389','Toro Sushi','29000');
insert into Menu values('3030000-101-1998-01567','Matchsoon (Green Plum Wine)','12000');
insert into Menu values('3030000-101-1998-01567','Black Raspberry','12000');
insert into Menu values('3030000-101-1998-01567','Bekseju','8000');
insert into Menu values('3030000-101-1998-01567','Sansachun (Hawberry and Cornelian Cherry Wine)','8000');
insert into Menu values('3030000-101-1998-01567','Chungha (Refined Rice Wine)','5000');
insert into Menu values('3030000-101-1998-01567','Maehwasoo (Green Plum Liquor)','5000');
insert into Menu values('3030000-101-1998-01567','Soju','4000');
insert into Menu values('3230000-101-1997-10813','Sliced Raw Abalone','120000');
insert into Menu values('3230000-101-1997-10813','Grilled Abalone','60000');
insert into Menu values('3230000-101-1997-10813','Butter-grilled','60000');
insert into Menu values('3230000-101-1997-10813','Braised Abalone','70000');
insert into Menu values('3230000-101-1997-10813','Abalone Porridge','30000');
insert into Menu values('3230000-101-1997-10813','Abalone Rice','100000');
insert into Menu values('3010000-101-1996-08483','Idong-style Grilled Galbi(For 1/250g)','16500');
insert into Menu values('3010000-101-1996-08483','Jeong Galbi(For 1/230g)','18500');
insert into Menu values('3010000-101-1996-08483','Grilled Galbi(Limited Sale/For 1/200g)','21500');
insert into Menu values('3010000-101-1996-08483','Korean Beef Tartare(120g)','18000');
insert into Menu values('3010000-101-1996-08483','Korean Beef Tartare Bibimbap','10000');
insert into Menu values('3010000-101-1996-08483','Beef Tripe Soup(Yang Seonjitguk)','7000');
insert into Menu values('3010000-101-1996-08483','Extra Serving of Noodles','1000');
insert into Menu values('3230000-101-2013-00479','Deep-fried Pork with Sweet and Sour Sauce','28000');
insert into Menu values('3230000-101-2013-00479','Sweet and Spicy Chicken','30000');
insert into Menu values('3230000-101-2013-00479','Starch Sheet Salad with Mustard Sauce','38000');
insert into Menu values('3230000-101-2013-00479','Deep-fried Chicken in Hot and Sour Soy Sauce','30000');
insert into Menu values('3230000-101-2013-00479','Stir-fried Seafood and Beef','38000');
insert into Menu values('3230000-101-2013-00479','Stir-fried Meatballs and Vegetables','37000');
insert into Menu values('3110000-101-2023-00071','Puffer Fish Course(For 1/11:30~14:00/Minimum order of 2)','22000');
insert into Menu values('3110000-101-2023-00071','Nok Course(For 1/11:30~14:00/Minimum order of 2)','28000');
insert into Menu values('3110000-101-2023-00071','Sweet and Spicy Chicken S','26000');
insert into Menu values('3110000-101-2023-00071','Sweet and Spicy Chicken R','36000');
insert into Menu values('3110000-101-2023-00071','Deep-fried Chicken in Hot and Sour Soy Sauce S','28000');
insert into Menu values('3110000-101-2023-00071','Deep-fried Chicken in Hot and Sour Soy Sauce R','38000');
insert into Menu values('3150000-101-2023-00124','Standard Buffet','17900');
insert into Menu values('3150000-101-2023-00124','Premium Buffet With Steak(Weekday Dinner)','25900');
insert into Menu values('3150000-101-2023-00124','Premium Buffet With Steak(Weekends, Holidays)','27900');
insert into Menu values('3150000-101-2023-00124','Elementary School Student','12900');
insert into Menu values('3150000-101-2023-00124','Michwihak Adol','7900');
insert into Menu values('3150000-101-2023-00124','Kwinjeu Signature Steak(250g/Byeoldojumun)','19900');
insert into Menu values('3220000-101-2023-00259','Beef(For 2/2ea)','20000');
insert into Menu values('3220000-101-2023-00259','Jung(For 3/3ea)','30000');
insert into Menu values('3220000-101-2023-00259','Bultaneun Myeongtae Jorim(Large/For 4/4ea)','40000');
insert into Menu values('3220000-101-2023-00259','Extra Rice Cake(Extra Serving)','3000');
insert into Menu values('3220000-101-2023-00663','Noodles in Cold Soybean Soup','6500');
insert into Menu values('3220000-101-2023-00663','Spicy Noodles','6500');
insert into Menu values('3220000-101-2023-00663','Stir-fried Pork, Tomato and Cheese with Rice','9000');
insert into Menu values('3220000-101-2023-00663','Seafood and Soft Bean Curd Stew','6500');
insert into Menu values('3220000-101-2023-00663','Ham, Cheese and Soft Bean Curd Stew','6500');
insert into Menu values('3220000-101-2023-00663','Kimchi Meat and Soft Bean Curd Stew','6500');
insert into Menu values('3220000-101-2023-00663','Perilla Seeds, Mushroom and Soft Bean Curd Stew','7000');
insert into Menu values('3220000-101-2023-00663','Dried Pollack Soup and Soft Bean Curd Stew','7000');
insert into Menu values('3190000-101-2022-00012','Sous Vide Pork Shoulder','5000');
insert into Menu values('3190000-101-2022-00012','Smoked Duck','4500');
insert into Menu values('3190000-101-2022-00012','Prawn','4500');
insert into Menu values('3190000-101-2022-00012','Smoked Salmon','4500');
insert into Menu values('3190000-101-2022-00012','Sous Vide Chicken Drumsticks','4000');
insert into Menu values('3150000-101-2021-00182','Soju','5000');
insert into Menu values('3150000-101-2021-00182','Beer','5000');
insert into Menu values('3150000-101-2021-00182','Chungha (Refined Rice Wine)','8000');
insert into Menu values('3150000-101-2021-00182','Rice Wine','10000');
insert into Menu values('3150000-101-2021-00182','Bekseju','8000');
insert into Menu values('3150000-101-2021-00182','Sansachun (Hawberry and Cornelian Cherry Wine)','10000');
insert into Menu values('3150000-101-2021-00182','Black Raspberry','15000');
insert into Menu values('3150000-101-2021-00182','Hwarang (Sweet Rice Wine)','15000');
insert into Menu values('3020000-101-2020-00490','Lunch Special','13000');
insert into Menu values('3020000-101-2020-00490','Set Menu','15000');
insert into Menu values('3020000-101-2020-00490','Grilled Fish Set Menu','16000');
insert into Menu values('3020000-101-2020-00490','Okjeong Jeongsik','20000');
insert into Menu values('3020000-101-2020-00490','Ginseng Chicken Soup','14000');
insert into Menu values('3020000-101-2020-00490','Dried Yellow Croaker Aged in Barley Rice Set Menu','30000');
insert into Menu values('3020000-101-2020-00490','Cheongsong Dalgi Baeksuk','55000');
insert into Menu values('3020000-101-2020-00490','Set Menu','30000');
insert into Menu values('3020000-101-2020-00490','Korean Table Dhote A Special','45000');
insert into Menu values('3020000-101-2020-00490','Korean Table Dhote B','35000');
insert into Menu values('3020000-101-2020-00490','Korean Table D'hote C','27000');
insert into Menu values('3150000-101-2020-00212','Grilled Skirt Meat(200g/For 1)','15000');
insert into Menu values('3150000-101-2020-00212','Grilled Pork Galbi(200g/For 1)','15000');
insert into Menu values('3150000-101-2020-00212','Salt-grilled Meat(200g/For 1)','15000');
insert into Menu values('3150000-101-2020-00212','Grilled Pork Belly(200g/For 1)','15000');
insert into Menu values('3150000-101-2020-00212','Pork Rinds(3jang/For 1)','9000');
insert into Menu values('3150000-101-2020-00212','Soju(Good Day (Soju))','5000');
insert into Menu values('3150000-101-2020-00212','Beer','5000');
insert into Menu values('3150000-101-2020-00212','Chungha (Refined Rice Wine)','7000');
insert into Menu values('3150000-101-2020-00212','Seoljungmae (Green Plum Wine)','5000');
insert into Menu values('3150000-101-2020-00212','Beverages','2000');
insert into Menu values('3110000-101-2019-00434','NEW Korean Beef Bulgogi(1 Plate/Set Menu)','6500');
insert into Menu values('3110000-101-2019-00434','New Mozzarella In The Burger Haeswi','4500');
insert into Menu values('3110000-101-2019-00434','New Mozzarella In The Burger Double','5300');
insert into Menu values('3110000-101-2019-00434','Twist Gamja','2000');
insert into Menu values('3110000-101-2019-00434','Original AZ Burger','6200');
insert into Menu values('3080000-101-2019-00210','Griddled ?? Small Intestines','19000');
insert into Menu values('3080000-101-2019-00210','Cabbage Pancake','12000');
insert into Menu values('3080000-101-2019-00210','Stir-fried Mandu','9000');
insert into Menu values('3080000-101-2019-00210','Cheolpan Donkapeu','17000');
insert into Menu values('3080000-101-2019-00210','Freshwater Eel','24000');
insert into Menu values('3230000-101-2018-00651','Hwanggeum Geumgye Gamasot Nokcheontang','57000');
insert into Menu values('3230000-101-2018-00651','(Half) Extra Serving','25000');
insert into Menu values('3230000-101-2018-00651','Geumgye Gamasot Nokcheontang(For 5)','72000');
insert into Menu values('3230000-101-2018-00651','Hwanggeum Geumgye Jangeo Haesintang','59000');
insert into Menu values('3230000-101-2018-00651','(Half) Extra Serving','25000');
insert into Menu values('3230000-101-2018-00651','Extra Serving of Eel','25000');
insert into Menu values('3230000-101-2018-00651','Hwanggeum Geumgye Ot Haecheontang(For 4)','63000');
insert into Menu values('3230000-101-2018-00651','Hwanggeum Geumgye Ot Haecheontang(For 5)','78000');
insert into Menu values('3230000-101-2018-00651','(Half) Extra Serving','24000');
insert into Menu values('3180000-101-2023-00045','Original set','9000');
insert into Menu values('3240000-101-2017-00190','Gwangyang Bulgogi(Korean Beef/180g/Minimum order of 2)','43000');
insert into Menu values('3240000-101-2017-00190','Sirloin(150g/Minimum order of 2)','48000');
insert into Menu values('3240000-101-2017-00190','Gwangyang Bulgogi(Miguksan/180g/Minimum order of 2)','32000');
insert into Menu values('3240000-101-2017-00190','Broth Bulgogi(280g/Minimum order of 2)','30000');
insert into Menu values('3240000-101-2017-00190','Grilled Marinated Galbi(2 ribs/300g/Minimum order of 2)','32000');
insert into Menu values('3240000-101-2017-00190','Pork and Galbi Whole(300g/Minimum order of 2)','18000');
insert into Menu values('3240000-101-2017-00190','Grilled Pork Bulgogi(180g/Minimum order of 2)','18000');
insert into Menu values('3240000-101-2017-00190','Galbi Soup','12000');
insert into Menu values('3240000-101-2017-00190','Spicy Braised Back Ribs','10000');
insert into Menu values('3130000-101-2017-00223','Freshwater Eel Set Menu(Minimum order of 2)','35000');
insert into Menu values('3130000-101-2017-00223','Freshwater Eel Set Menu Special','42000');
insert into Menu values('3130000-101-2017-00223','Grilled Galbi Patties Set Menu','18000');
insert into Menu values('3130000-101-2017-00223','Braised Shingled Hedgehog and Galbi Set Menu','20000');
insert into Menu values('3130000-101-2017-00223','Freshwater Eel and Mushroom Bulgogi Set Menu','25000');
insert into Menu values('3130000-101-2017-00223','Yukhoe Goldongban Jeongsik','20000');
insert into Menu values('3130000-101-2017-00223','Dried Yellow Croaker Aged in Barley Rice Set Menu','28000');
insert into Menu values('3130000-101-2017-00223','Haemul Nurungji Jangsutang Jeongsik','25000');
insert into Menu values('3130000-101-2017-00223','Braised Shingled Hedgehog and Galbi Set Menu','18000');
insert into Menu values('3130000-101-2017-00223','Grilled Abalone Set Menu','22000');
insert into Menu values('3130000-101-2017-00223','Dried Yellow Croaker Aged in Barley Rice Set Menu','22000');
insert into Menu values('3130000-101-2017-00223','Royal Grilled Galbi Patties Set Menu','15000');
insert into Menu values('3130000-101-2017-00223','Bulgogi Set Menu','12000');
insert into Menu values('3130000-101-2017-00223','Grilled Cutlassfish Set Menu','60000');
insert into Menu values('3130000-101-2017-00223','Braised Cutlassfish Set Menu','80000');
insert into Menu values('3130000-101-2017-00223','Braised Silver Pomfret Set Menu','70000');
insert into Menu values('3150000-101-2017-00012','Grilled Galbi Patties Set Menu','12000');
insert into Menu values('3150000-101-2017-00012','Side Menu Chugasi','7000');
insert into Menu values('3150000-101-2017-00012','Vegetable Fried Rice','2000');
insert into Menu values('3150000-101-2017-00012','Steamed Rice','1000');
insert into Menu values('3150000-101-2017-00012','Extra Bones','14000');
insert into Menu values('3150000-101-2017-00012','Extra Potato','4000');
insert into Menu values('3150000-101-2017-00012','Assorted Extra Serving of Noodles','5000');
insert into Menu values('3150000-101-2017-00012','Extra Ramyeon Noodles','2000');
insert into Menu values('3220000-101-2016-00957','Cold Buckwheat Noodles with Raw Fish(For 1)','11000');
insert into Menu values('3220000-101-2016-00957','Spicy Cold Buckwheat Noodles with Meat','10000');
insert into Menu values('3220000-101-2016-00957','Cold Buckwheat Noodles','10000');
insert into Menu values('3220000-101-2016-00957','Extra Serving of Noodles','4000');
insert into Menu values('3220000-101-2016-00957','Spicy Raw Fish Salad(Large)','25000');
insert into Menu values('3220000-101-2016-00957','Spicy Raw Fish Salad(Medium)','20000');
insert into Menu values('3040000-101-2016-00082','Tomato and Seafood Risotto','17000');
insert into Menu values('3040000-101-2016-00082','Tomato and Shrimp Risotto','15000');
insert into Menu values('3040000-101-2016-00082','Cream and Mushroom Risotto','16000');
insert into Menu values('3040000-101-2016-00082','Cream and Crab Risotto','16000');
insert into Menu values('3040000-101-2016-00082','Oil Chicken and Rice','16000');
insert into Menu values('3040000-101-2016-00082','Oil, Seafood and Rice','17000');
insert into Menu values('3100000-101-2015-00018','1 Set Menu','8500');
insert into Menu values('3100000-101-2015-00018','2 Set Menu','10000');
insert into Menu values('3100000-101-2015-00018','3 Set Menu','10000');
insert into Menu values('3100000-101-2015-00018','4 Set Menu','7000');
insert into Menu values('3100000-101-2015-00018','5 Set Menu','7000');
insert into Menu values('3100000-101-2015-00018','6 Set Menu(Minimum order of 2)','7500');
insert into Menu values('3000000-101-2013-00291','Ginseng Chicken Soup with Sumac and Abalone','19000');
insert into Menu values('3000000-101-2013-00291','Sumac and Ginseng Chicken Soup','15000');
insert into Menu values('3000000-101-2013-00291','Abalone and Ginseng Chicken Soup','15000');
insert into Menu values('3000000-101-2013-00291','Ginseng Chicken Soup with Perilla Seeds','15000');
insert into Menu values('3000000-101-2013-00291','Ginseng Chicken Soup with Medicinal Herbs','13000');
insert into Menu values('3000000-101-2013-00291','Noodle Soup with Perilla Seeds','7000');
insert into Menu values('3000000-101-2013-00291','Potato Pancake','12000');
insert into Menu values('3000000-101-2013-00291','Stir-fried Webfoot Octopus with Rice','7000');
insert into Menu values('3000000-101-2013-00291','Whole Chicken Soup with Medicinal Herbs(Large)','40000');
insert into Menu values('3000000-101-2013-00291','Whole Chicken Soup with Medicinal Herbs(Medium)','35000');
insert into Menu values('3090000-101-2013-00012','Korean Beef and Mushroom Bulgogi','30000');
insert into Menu values('3090000-101-2013-00012','Songisura Galbitang','24000');
insert into Menu values('3090000-101-2013-00012','Bogakjeong Galbitang','18000');
insert into Menu values('3090000-101-2013-00012','Korean Beef Tartare Bibimbap','16000');
insert into Menu values('3090000-101-2013-00012','Korean Beef Bulgogi Hot Pot','17000');
insert into Menu values('3090000-101-2013-00012','Mung Bean Pancake','18000');
insert into Menu values('3090000-101-2013-00012','Pyeongyang Cold Buckwheat Noodles','14000');
insert into Menu values('3090000-101-2013-00012','Spicy Pyeongyang Cold Buckwheat Noodles','14000');
insert into Menu values('3090000-101-2013-00012','1 Set Menu','11000');
insert into Menu values('3090000-101-2013-00012','Bugakjeong Gungjung Saeng Galbi(250g/2 ribs)','50000');
insert into Menu values('3090000-101-2013-00012','Bugakjeong Gungjung Galbi(300g/2 ribs)','42000');
insert into Menu values('3090000-101-2013-00012','Bugakjeong Idong Galbi(300g/4 ribs)','34000');
insert into Menu values('3090000-101-2013-00012','Hanu Nun Kkotdeungsim(1++/150g)','70000');
insert into Menu values('3090000-101-2013-00012','Korean Beef and Chuck Flap Tail(1++/150g)','65000');
insert into Menu values('3090000-101-2013-00012','Korean Beef and Rib Eye(1++/150g)','60000');
insert into Menu values('3090000-101-2013-00012','Korean Beef and Tenderloin(1+Isang/150g)','60000');
insert into Menu values('3090000-101-2013-00012','Grilled Marinated Korean Beef(1+Isang/150g)','45000');
insert into Menu values('3090000-101-2013-00012','Korean and Beef Tartare(200g)','35000');
insert into Menu values('3090000-101-2013-00012','Hanu Oneurui Modum Jeongsik(1+Isang)','45000');
insert into Menu values('3090000-101-2013-00012','Bugakjeong Galbi Jeongsik','30000');
insert into Menu values('3090000-101-2013-00012','Assorted Korean Beef Special(600g/For 3)','260000');
insert into Menu values('3090000-101-2013-00012','Assorted Korean Beef and Tenderloin(500g/For 2~3)','180000');
insert into Menu values('3090000-101-2013-00012','Hanu Oneurui Modum(450g/For 2~3)','150000');
insert into Menu values('3090000-101-2013-00012','Assorted Korean Beef and Tenderloin Wine Set Menu(1+Isang)','68000');
insert into Menu values('3090000-101-2013-00012','Hanu Oneurui Modum Wine Jeongsik(1+Isang)','60000');
insert into Menu values('3010000-101-2014-00038','Set Menu(Pyeongil 11:30~14:30)','13000');
insert into Menu values('3010000-101-2014-00038','Set Menu','62000');
insert into Menu values('3010000-101-2014-00038','Sigolpung Green Salad','12000');
insert into Menu values('3010000-101-2014-00038','Caprese Salad','15000');
insert into Menu values('3010000-101-2014-00038','Chicken Breast Salad','17000');
insert into Menu values('3010000-101-2014-00038','Ricotta Cheese Salad Wa Pitabeul Red(Nuts)','20000');
insert into Menu values('3010000-101-2014-00038','Oneurui Soup','7000');
insert into Menu values('3010000-101-2014-00038','Handmade Bread','1000');
insert into Menu values('3010000-101-2010-00354','Teuksasami','100000');
insert into Menu values('3010000-101-2010-00354','Sliced Raw Fish','80000');
insert into Menu values('3010000-101-2010-00354','Jeonyeok Jeongsik','60000');
insert into Menu values('3010000-101-2010-00354','Sliced Raw Fish Special(For 3-4)+Valentine 17nyeon 1byeong','400000');
insert into Menu values('3010000-101-2010-00354','Sliced Raw Fish Special(For 3-4)+Windsor 17nyeon 1byeong','350000');
insert into Menu values('3010000-101-2010-00354','Sliced Raw Fish Special(For 2)+Valentine 1nyeon 1byeong','300000');
insert into Menu values('3010000-101-2010-00354','Sliced Raw Fish Special(For 2)+Windsor 17nyeon 1byeong','200000');
insert into Menu values('3230000-101-2010-00507','Stir-fried Octopus(Stir-fried Ingredients with Rice)','10000');
insert into Menu values('3230000-101-2010-00507','Live Octopus(Chopped Live Octopus/Small)','35000');
insert into Menu values('3230000-101-2010-00507','Live Octopus(Chopped Live Octopus/Large)','45000');
insert into Menu values('3230000-101-2010-00507','Fried Rice','2000');
insert into Menu values('3230000-101-2010-00507','Sweet and Sour Live Octopus Salad(Parboiled Seafood)','45000');
insert into Menu values('3240000-101-2009-00108','Saedaek Hoe Course','25000');
insert into Menu values('3240000-101-2009-00108','Juansang Course','38000');
insert into Menu values('3240000-101-2009-00108','Norang Course','43000');
insert into Menu values('3240000-101-2009-00108','Lunch Set Menu(11:30~15:00)','16000');
insert into Menu values('3240000-101-2009-00108','Jeonyeok Hansang(15:00~20:30)','20000');
insert into Menu values('3240000-101-2009-00108','Jeju Whole Cutlassfish Set Menu(Minimum order of 2)','35000');
insert into Menu values('3240000-101-2009-00108','1 Set Menu(Minimum order of 3)','20000');
insert into Menu values('3140000-101-2008-00134','Octopus Whole Braised Duck and Galbi','70000');
insert into Menu values('3140000-101-2008-00134','Cheonmaoriboyangtang','60000');
insert into Menu values('3140000-101-2008-00134','Braised Chicken with Medicinal Herbs','33000');
insert into Menu values('3140000-101-2008-00134','Spicy Braised Chicken','35000');
insert into Menu values('3140000-101-2008-00134','Grilled Galbi Patties with Duck and Chicken Breast','15000');
insert into Menu values('3140000-101-2008-00134','Duck Red Chili Paste Bulgogi','25000');
insert into Menu values('3140000-101-2008-00134','Spicy Grilled Chicken Feet','20000');
insert into Menu values('3140000-101-2007-00388','J&B Jet 12y(glass/45ml)','25000');
insert into Menu values('3140000-101-2007-00388','J&B Jet 12y(bottle)','340000');
insert into Menu values('3140000-101-2007-00388','Chivas Regal 12y(glass/45ml)','25000');
insert into Menu values('3140000-101-2007-00388','Chivas Regal 12y(bottle)','340000');
insert into Menu values('3140000-101-2007-00388','Chivas Regal 18y(glass/45ml)','35000');
insert into Menu values('3140000-101-2007-00388','Chivas Regal 18y(bottle)','490000');
insert into Menu values('3140000-101-2007-00388','Ballantine 17y(glass/45ml)','35000');
insert into Menu values('3030000-101-2009-00060','Norandwaeji Saeng Moksal Sal(160g)','16000');
insert into Menu values('3030000-101-2009-00060','Chosinseon Chalsal Gui(150g/Limited)','17000');
insert into Menu values('3030000-101-2009-00060','Modum Yang Daechang(520g)','58000');
insert into Menu values('3030000-101-2009-00060','Korean Beef and Large Intestines(200g)','20000');
insert into Menu values('3030000-101-2009-00060','Beef Tripe(150g)','23000');
insert into Menu values('3020000-101-2006-00179','Haneul Course','55000');
insert into Menu values('3020000-101-2006-00179','Dal Course','77000');
insert into Menu values('3020000-101-2006-00179','Byeol Course','110000');
insert into Menu values('3020000-101-2006-00179','Dureyu Charim','30000');
insert into Menu values('3020000-101-2006-00179','Seasonal Porridge','8000');
insert into Menu values('3020000-101-2006-00179','Spicy Octopus Bibimbap','12000');
insert into Menu values('3080000-101-2006-00203','Braised Cheese and Chicken(Small)','24000');
insert into Menu values('3080000-101-2006-00203','Geumgye Jjimdak(Small)','19000');
insert into Menu values('3080000-101-2006-00203','Braised Red Chili Paste and Chicken(Small)','19000');
insert into Menu values('3080000-101-2006-00203','Sinbul Jjimdak(Small)','19000');
insert into Menu values('3080000-101-2006-00203','Boneless Braised Chicken(Small)','21000');
insert into Menu values('3080000-101-2006-00203','Egg Rice','2000');
insert into Menu values('3220000-101-2005-00634','Green Plum(Weekday,Jumaljeonyeok)','69000');
insert into Menu values('3220000-101-2005-00634','Seokpa','130000');
insert into Menu values('3220000-101-2005-00634','Manse','110000');
insert into Menu values('3220000-101-2005-00634','Jinchan','88000');
insert into Menu values('3220000-101-2005-00634','Moran(Weekday Lunch)','39000');
insert into Menu values('3220000-101-2005-00634','Jinyeon','110000');
insert into Menu values('3220000-101-2005-00634','Subok','66000');
insert into Menu values('3220000-101-2005-00634','Gungjung Sura','160000');
insert into Menu values('3140000-101-2005-00037','Queens Land Ribeye','65000');
insert into Menu values('3140000-101-2005-00037','Toowoomba Pasta','23900');
insert into Menu values('3140000-101-2005-00037','Baby Back Rib','37900');
insert into Menu values('3140000-101-2004-00422','Fish Roe Rice Set Menu','8500');
insert into Menu values('3140000-101-2004-00422','Crab Roe Rice','6500');
insert into Menu values('3140000-101-2004-00422','Spicy Griddled Pork Cutlet','9500');
insert into Menu values('3140000-101-2004-00422','Beef Loin Hot Pot','6500');
insert into Menu values('3140000-101-2004-00422','Yennalsik Dalkomhan Roseu Kacheu','9500');
insert into Menu values('3140000-101-2004-00422','Spicy Fish Roe Soup','8000');
insert into Menu values('3140000-101-2004-00422','Red Hot Char Siu with Rice','7500');
insert into Menu values('3140000-101-2004-00422','Red Hot Octopus with Rice','8000');
insert into Menu values('3140000-101-2004-00422','Cold Buckwheat Noodles','6500');
insert into Menu values('3140000-101-2004-00313','Jeomsim Buffet(Weekday)','22000');
insert into Menu values('3140000-101-2004-00313','Jeonyeok Buffet(For 1)','33000');
insert into Menu values('3140000-101-2004-00313','Jeomsim Buffet(Weekends)','29000');
insert into Menu values('3140000-101-2004-00313','Wine Buffet','18000');
insert into Menu values('3230000-101-2003-00559','Spicy Stir-fried Kimchi and Meat','20000');
insert into Menu values('3230000-101-2003-00559','Sliced Beef Center Heel with Vegetables','16000');
insert into Menu values('3230000-101-2003-00559','Sinseon Bulgogi','15000');
insert into Menu values('3230000-101-2003-00559','Sinseon Byeolmi Kimchi Jeon','10000');
insert into Menu values('3230000-101-2003-00559','Sinseon Cheese Gamja Jeon','12000');
insert into Menu values('3230000-101-2003-00559','Ox Bone Soup','9000');
insert into Menu values('3230000-101-2003-00559','Ox Bone Soup(Large)','13000');
insert into Menu values('3230000-101-2003-00559','Sunsagolguk','10000');
insert into Menu values('3060000-101-2002-00594','Korean Beef and Rib Eye,Boneless Galbi','33000');
insert into Menu values('3060000-101-2002-00594','Korean Skate(1 Plate)','90000');
insert into Menu values('3060000-101-2002-00594','Chillesan Hongeo(1 Plate)','30000');
insert into Menu values('3060000-101-2002-00594','Korean Skate, Pork, and Kimchi Combo(For 1)','34000');
insert into Menu values('3060000-101-2002-00594','Chillesan Samhap(For 1)','18000');
insert into Menu values('3230000-101-2002-17462','Sliced Cheese','1000');
insert into Menu values('3230000-101-2002-17462','Spicy Chewy Noodles','1000');
insert into Menu values('3230000-101-2002-17462','Ramyeon','1000');
insert into Menu values('3230000-101-2002-17462','Extra Serving of Beef Loin','8000');
insert into Menu values('3230000-101-2002-17462','Extra Serving of Webfoot Octopus','5000');
insert into Menu values('3230000-101-2002-17462','Extra Serving of Shrimp','5000');
insert into Menu values('3230000-101-2002-17462','Extra Serving of Small Intestines','8000');
insert into Menu values('3200000-101-2001-11145','Backbone Hangover Soup','7500');
insert into Menu values('3200000-101-2001-11145','Seonji Hangover Soup','7500');
insert into Menu values('3200000-101-2001-11145','Spicy Beef Soup','7500');
insert into Menu values('3200000-101-2001-11145','Ox Bone Soup','7500');
insert into Menu values('3200000-101-2001-11145','Steamed Rice','1000');
insert into Menu values('3200000-101-2001-11145','Extra Ramyeon Noodles','1000');
insert into Menu values('3200000-101-2001-11145','Beverages','1500');
insert into Menu values('3200000-101-2001-11145','Soju','4000');
insert into Menu values('3200000-101-2001-11145','Beer','4000');
insert into Menu values('3230000-101-1999-14496','Hanu Seolhwa Kkotsal(1++/150g)','59000');
insert into Menu values('3230000-101-1999-14496','Premium Korean Beef and Sirloin(1++/150g)','54000');
insert into Menu values('3230000-101-1999-14496','Grilled Marinated Korean Beef and Sirloin(1++/150g)','42000');
insert into Menu values('3230000-101-1999-14496','Yantai Kaoliang Liquor(500ml/34 %)','33000');
insert into Menu values('3230000-101-1999-14496','Nojutan(500ml/33 %)','18000');
insert into Menu values('3230000-101-1999-14496','Seorwon(450ml/30 %)','17000');
insert into Menu values('3220000-101-1999-19972','Nakji Yeonposyabusyabu','35000');
insert into Menu values('3220000-101-1999-19972','Octopus Soup','35000');
insert into Menu values('3220000-101-1999-19972','Stir-fried Octopus','25000');
insert into Menu values('3220000-101-1999-19972','Sweet and Sour Salad','30000');
insert into Menu values('3060000-101-1994-04878','Assorted Mushroom','10000');
insert into Menu values('3060000-101-1994-04878','King Oyster Mushroom','10000');
insert into Menu values('3060000-101-1994-04878','Oyster Mushrooms','10000');
insert into Menu values('3060000-101-1994-04878','Golden Oak Mushrooms','10000');
insert into Menu values('3060000-101-1994-04878','Enoki Mushrooms','10000');
insert into Menu values('3060000-101-1994-04878','Mogi Beoseot','10000');
insert into Menu values('3060000-101-1994-04878','Button Mushroom','10000');
insert into Menu values('3060000-101-1994-04878','Bean Curd with Rice','8000');
insert into Menu values('3220000-101-1993-15652','Pureed Soybean Set Menu','12000');
insert into Menu values('3220000-101-1993-15652','Soybean Paste Set Menu','12000');
insert into Menu values('3220000-101-1993-15652','Soft Bean Curd Stew Set Menu','12000');
insert into Menu values('3220000-101-1993-15652','(Ttuk)Bulgogi Set Menu','12000');
insert into Menu values('3220000-101-1993-15652','Noodles in Cold Soybean Soup(Summer Only)','10000');
insert into Menu values('3110000-101-1991-05301','Loach Soup','10000');
insert into Menu values('3110000-101-1991-05301','Whole Loach Soup','12000');
insert into Menu values('3110000-101-1991-05301','Freshwater Snail and Loach Soup','12000');
insert into Menu values('3110000-101-1991-05301','Loach Bulgogi','35000');
insert into Menu values('3110000-101-1991-05301','Loach Hot Pot','40000');
insert into Menu values('3110000-101-1991-05301','Deep-fried Loach','15000');
insert into Menu values('3110000-101-1991-05301','Deep-fried Loach Mandu','8000');
insert into Menu values('3110000-101-1991-05301','Boiled Loach Mandu','8000');
insert into Menu values('3110000-101-1989-05481','Assorted Beef Cuts(1000G)','65000');
insert into Menu values('3110000-101-1989-05481','Chuck Flap Tail(250G)','29000');
insert into Menu values('3110000-101-1989-05481','Grilled Boneless Galbi(250G)','27000');
insert into Menu values('3110000-101-1989-05481','Rib Eye(250G)','27000');
insert into Menu values('3110000-101-1989-05481','Beef Brisket(250G)','25000');
insert into Menu values('3110000-101-1989-05481','Dwaeji Hanmari(800G)','52000');
insert into Menu values('3110000-101-1989-05481','Grilled Pork Belly(180G)','15000');
insert into Menu values('3110000-101-1989-05481','Pork Shoulder(180G)','14000');
insert into Menu values('3110000-101-1989-05481','Grilled Pork Neck(180G)','17000');
insert into Menu values('3110000-101-1989-05481','Blade-end Fatback(180G)','15000');
insert into Menu values('3020000-101-1986-07037','Steamed Rice','1000');
insert into Menu values('3020000-101-1986-07037','Fried Rice','3000');
insert into Menu values('3020000-101-1986-07037','Jumbo Mandu','6000');
insert into Menu values('3020000-101-1986-07037','Shrimp Mandu','6000');
insert into Menu values('3020000-101-1986-07037','Buckwheat Crepe','5000');
insert into Menu values('3020000-101-1986-07037','Deep-fried Prawn','7000');
insert into Menu values('3020000-101-1986-07037','Pork Cutlet','7000');
insert into Menu values('3170000-101-1985-04787','Puffer Fish Skin Salad','16000');
insert into Menu values('3170000-101-1985-04787','Deep-fried Skin','23000');
insert into Menu values('3170000-101-1985-04787','Pork Tenderloin and Soju(1 Bottles)','10000');
insert into Menu values('3170000-101-1985-04787','Warm Sake with Puffer Fish Fin(1)','13000');
insert into Menu values('3170000-101-1985-04787','Pork Tenderloin and Sake(1)','9000');
insert into Menu values('3170000-101-1985-04787','Griddled Fresh Puffer Fish Bulgogi','150000');
insert into Menu values('3170000-101-1985-04787','Braised Yellowfin Puffer','32000');
insert into Menu values('3030000-101-1976-05969','Young Summer Radish Kimchi Bibimbap','6000');
insert into Menu values('3030000-101-1976-05969','Kimchi Jjigae','6000');
insert into Menu values('3030000-101-1976-05969','Soybean Paste Jjigae','6000');
insert into Menu values('3030000-101-1976-05969','Pollack Jjigae','6000');
insert into Menu values('3030000-101-1976-05969','Grilled Dried Pollack','6500');
insert into Menu values('3030000-101-1976-05969','Spicy Stir-fried Pork','7000');
insert into Menu values('3030000-101-1976-05969','Bulgogi Hot Pot','6500');
insert into Menu values('3030000-101-1976-05969','Rich Soybean Paste','6000');
insert into Menu values('3030000-101-1976-05969','Grilled Pork Belly(180g/For 1/Jeonyeok Bapsang 16:00~23:00)','14000');
insert into Menu values('3030000-101-1976-05969','Pork Shoulder(200g)','13000');
insert into Menu values('3030000-101-1976-05969','Grilled Pork Neck(200g)','15000');
insert into Menu values('3030000-101-1976-05969','Blade-end Fatback(200g)','15000');
insert into Menu values('3030000-101-1976-05969','Young Summer Radish Kimchi Noodles','3500');
insert into Menu values('3030000-101-1976-05969','Vegetable Fried Rice','2000');
insert into Menu values('3220000-101-1999-20467','Maehwasoo (Green Plum Liquor)','4000');
insert into Menu values('3220000-101-1999-20467','Unrefined Rice Wine','3000');
insert into Menu values('3220000-101-1999-20467','Cider','2000');
insert into Menu values('3220000-101-1999-20467','Coke','2000');
insert into Menu values('3220000-101-1999-20467','Fanta','2000');
insert into Menu values('3220000-101-1999-20467','Meat Mandu Kimchi Jjigae(For 1)','6000');
insert into Menu values('3220000-101-1999-20467','Dongtaetang Jung(2,For 3)','18000');
insert into Menu values('3220000-101-1999-20467','Dongtaetang Dae(3,In)','25000');
insert into Menu values('3180000-101-2023-00328','Bulgomseupyesyeol(130g For 1)','39000');
insert into Menu values('3180000-101-2023-00328','order Tenderloin(130g For 1)','55000');
insert into Menu values('3180000-101-2023-00328','order Sirloin(130g For 1)','52000');
insert into Menu values('3060000-101-2023-00125','Beer(Cass)','4000');
insert into Menu values('3060000-101-2023-00125','Beer(Terra)','4000');
insert into Menu values('3060000-101-2023-00125','Unrefined Rice Wine','4000');
insert into Menu values('3060000-101-2023-00125','Chungha (Refined Rice Wine)','5000');
insert into Menu values('3060000-101-2023-00125','Black Raspberry','10000');
insert into Menu values('3060000-101-2023-00125','Beverages(Coke)','2000');
insert into Menu values('3060000-101-2023-00125','Beverages(Cider)','2000');
insert into Menu values('3060000-101-2023-00125','Beverages(Fanta)','2000');
insert into Menu values('3230000-101-2023-00342','Ginseng Chicken Soup with Shingled Hedgehog','14000');
insert into Menu values('3230000-101-2023-00342','Ginseng Chicken Soup with Shingled Hedgehog_Extra Serving of Sweet Rice','2000');
insert into Menu values('3230000-101-2023-00342','Whole Chicken Soup with Shingled Hedgehog','58000');
insert into Menu values('3230000-101-2023-00342','Whole Chicken Soup with Shingled Hedgehog_Extra Serving of Sweet Rice','5000');
insert into Menu values('3230000-101-2023-00342','Whole Duck Soup with Shingled Hedgehog','60000');
insert into Menu values('3230000-101-2023-00342','Beverages','2000');
insert into Menu values('3000000-101-2001-12186','Hanokjip Kimchi Jjim','8500');
insert into Menu values('3000000-101-2001-12186','Hanokjip Kimchi Jjigae','8500');
insert into Menu values('3000000-101-2001-12186','Hanokjip Dalgyal Mari','8500');
insert into Menu values('3000000-101-2001-12186','Hanokjip Tteokgalbi','8000');
insert into Menu values('3000000-101-2001-12186','Hanokjip Kimchi Deungppyeojjim(Large)','40000');
insert into Menu values('3000000-101-2001-12186','Hanokjip Kimchi Deungppyeojjim(Small)','30000');
insert into Menu values('3000000-101-2001-12186','Hanokjip Suyuk Muchim(Large)','18000');
insert into Menu values('3000000-101-2001-12186','Hanokjip Suyuk Muchim(Small)','10000');
insert into Menu values('3220000-101-2023-00650','Cold Buckwheat Noodles','9000');
insert into Menu values('3220000-101-2023-00650','Cold Buckwheat Noodles with Dipping Sauce','9000');
insert into Menu values('3220000-101-2023-00650','Cold Udon','9000');
insert into Menu values('3220000-101-2023-00650','Spicy Buckwheat Noodles','9000');
insert into Menu values('3220000-101-2023-00650','Warm Buckwheat Noodles','9000');
insert into Menu values('3220000-101-2023-00650','Fried Bean Curd Udon','7000');
insert into Menu values('3220000-101-2023-00650','Pork Cutlet','8500');
insert into Menu values('3220000-101-2023-00650','Pork Cutlet with Curry','10000');
insert into Menu values('3220000-101-2023-00650','Pork Cutlet with Udon','10000');
insert into Menu values('3220000-101-2023-00649','Spicy Stir-fried Chicken','12000');
insert into Menu values('3220000-101-2023-00649','Spicy Stir-fried Chicken','12000');
insert into Menu values('3220000-101-2023-00649','Spicy Stir-fried Chicken and Cheese','13000');
insert into Menu values('3220000-101-2023-00649','Buckwheat Noodles','6000');
insert into Menu values('3220000-101-2023-00649','Scorched Rice Soup','5000');
insert into Menu values('3220000-101-2023-00649','Rolled Omelet','8000');
insert into Menu values('3220000-101-2023-00654','Webfoot Octopus and Pork Belly Griddled','13000');
insert into Menu values('3220000-101-2023-00654','Webfoot Octopus Griddled','12000');
insert into Menu values('3220000-101-2023-00654','Spicy Stir-fried Chicken and Cheese Griddled','12000');
insert into Menu values('3220000-101-2023-00654','Spicy Stir-fried Chicken Griddled','10000');
insert into Menu values('3220000-101-2023-00654','Beef Small Intestines and Sausage Hot Pot','27500');
insert into Menu values('3220000-101-2023-00654','Seafood and Sausage Hot Pot','27500');
insert into Menu values('3220000-101-2023-00654','Jjugopsae','12000');
insert into Menu values('3150000-101-2019-00698','Pork Belly 150g','10500');
insert into Menu values('3150000-101-2019-00698','Chuck Roll 150g','10500');
insert into Menu values('3150000-101-2019-00698','Pork Neck 150g','13000');
insert into Menu values('3150000-101-2019-00698','Assorted Pork ?? 400g','28000');
insert into Menu values('3150000-101-2019-00698','Assorted Pork ?? 600g','41000');
insert into Menu values('3150000-101-2019-00698','Assorted Pork Cuts(Large/900g)','62000');
insert into Menu values('3150000-101-2019-00698','Boneless Galbi 150g','13000');
insert into Menu values('3150000-101-2019-00698','Marinated Boneless Galbi 150g','13000');
insert into Menu values('3150000-101-2019-00698','Prime Anchangsal 150g','19000');
insert into Menu values('3150000-101-2019-00698','Wagyu and Boneless Short Ribs 150g','23000');
insert into Menu values('3150000-101-2019-00698','Sutbul Gui Denmakeu Cheese 8pcs','7000');
insert into Menu values('3150000-101-2019-00698','Sutbul Gui Denmakeu Cheese 16pcs','13000');
insert into Menu values('3150000-101-2019-00698','Steamed Rice','1000');
insert into Menu values('3220000-101-2019-01027','Ham, Cheese and Soft Bean Curd Stew Set Menu(For 1/Minimum order of 2/11siban~15sikkaji)','7900');
insert into Menu values('3220000-101-2019-01027','Jumbo Galbi Soup','7900');
insert into Menu values('3220000-101-2019-01027','Jumbo Galbi Soup Special(Galbi 3dae)','9900');
insert into Menu values('3220000-101-2019-01027','Beef Tartare Bibimbap','8500');
insert into Menu values('3220000-101-2019-01027','Spicy Braised Galbi(For 1)','8500');
insert into Menu values('3220000-101-2019-01027','Rice Cake and Mandu Soup','7900');
insert into Menu values('3220000-101-2019-01027','Kimchi Jjigae','7500');
insert into Menu values('3220000-101-2019-01027','Stir-fried Pork Hot Pot','6900');
insert into Menu values('3220000-101-2019-01027','Cold Young Summer Radish Kimchi Roll Noodles(Cold)','6500');
insert into Menu values('3220000-101-2019-01027','Cold Young Summer Radish Kimchi Roll Noodles(Spicy)','6500');
insert into Menu values('3220000-101-2019-01027','Extra Ramyeon Noodles','1000');
insert into Menu values('3220000-101-2019-01027','Steamed Rice','1000');
insert into Menu values('3220000-101-2013-00273','Yennalsik Kimchi Jjigae','8000');
insert into Menu values('3220000-101-2013-00273','Bibimbap in a Large Brass Bowl','7000');
insert into Menu values('3220000-101-2013-00273','Braised Back Ribs and Aged Kimchi','10000');
insert into Menu values('3220000-101-2013-00273','Grilled Pork Galbi','17000');
insert into Menu values('3220000-101-2013-00273','Sidaegi Godeungeo Jorim','10000');
insert into Menu values('3220000-101-2013-00273','Pyeongyang Cold Buckwheat Noodles','8000');
insert into Menu values('3220000-101-2013-00273','Jumbo Galbi Soup','12000');
insert into Menu values('3100000-101-2001-07469','Uri Jeongsik','29000');
insert into Menu values('3100000-101-2001-07469','Namdo-style Set Menu','43000');
insert into Menu values('3100000-101-2001-07469','Gudeul Jeongsik','53000');
insert into Menu values('3100000-101-2001-07469','Chef??s Special','75000');
insert into Menu values('3100000-101-2001-07469','Soju','5000');
insert into Menu values('3100000-101-2001-07469','Beer','5000');
insert into Menu values('3100000-101-2001-07469','Kloud','6000');
insert into Menu values('3100000-101-2001-07469','Unrefined Rice Wine','5000');
insert into Menu values('3070000-101-2001-10821','Cider','2000');
insert into Menu values('3070000-101-2001-10821','Coke','2000');
insert into Menu values('3070000-101-2001-10821','Kareumentoltenkabeone Sauvignon(750ml)','30000');
insert into Menu values('3070000-101-2001-10821','Banpikkianti(750ml)','60000');
insert into Menu values('3070000-101-2001-10821','1865 Carbernet Sauvignon(750ml)','90000');
insert into Menu values('3160000-101-1997-02406','Unrefined Rice Wine(Daebak)','3000');
insert into Menu values('3160000-101-1997-02406','Unrefined Rice Wine(Jangsu)','3000');
insert into Menu values('3160000-101-1997-02406','Unrefined Wookuksaeng Rice Wine','5000');
insert into Menu values('3160000-101-1997-02406','Kloud','5000');
insert into Menu values('3160000-101-1997-02406','Beverages','2000');
insert into Menu values('3220000-101-1996-14123','Assorted Sundae','38000');
insert into Menu values('3220000-101-1996-14123','Stuffed Squid','40000');
insert into Menu values('3220000-101-1996-14123','Stuffed Squid(1/Extra Serving of 2)','22000');
insert into Menu values('3220000-101-1996-14123','Sundae(Large)','38000');
insert into Menu values('3220000-101-1996-14123','Sundae(Small)','33000');
insert into Menu values('3220000-101-1996-14123','Boiled Meat Slices(Large)','40000');
insert into Menu values('3220000-101-1996-14123','Boiled Meat Slices(Small)','35000');
insert into Menu values('3000000-101-1991-01532','1984 Korean Beef(250g/Minimum order of 2/Steamed Rice Not Included)','23000');
insert into Menu values('3000000-101-1991-01532','1984 Bulgogi(250g/Minimum order of 2/Steamed Rice Not Included)','17000');
insert into Menu values('3000000-101-1991-01532','Avocado and Beef Tartare(Salted)','20000');
insert into Menu values('3000000-101-1991-01532','Avocado and Beef Tartare(Red Chili Paste)','20000');
insert into Menu values('3000000-101-1991-01532','Spicy Sweet and Sour Eggplant(8pcs)','5000');
insert into Menu values('3000000-101-1991-01532','Soybean Paste and Rice Soup','7000');
insert into Menu values('3200000-101-1990-05349','Pork Bulgogi Set Menu','9000');
insert into Menu values('3200000-101-1990-05349','Kimchi Jjigae','7500');
insert into Menu values('3200000-101-1990-05349','Hangover Soup','7500');
insert into Menu values('3200000-101-1990-05349','Soybean Paste Jjigae','7500');
insert into Menu values('3010000-101-1971-02934','Assorted Grilled Ingredients(Large)','85000');
insert into Menu values('3010000-101-1971-02934','Assorted Grilled Ingredients(Medium)','52000');
insert into Menu values('3010000-101-1971-02934','Beef Bone and Sausage Jjigae(Steamed Rice Not Included/Minimum order of 2)','9000');
insert into Menu values('3010000-101-1971-02934','Sarami(For 1/150g/Minimum order of 2)','9000');
insert into Menu values('3010000-101-1971-02934','Buroni(For 1/150g/Minimum order of 2)','9000');
insert into Menu values('3010000-101-1971-02934','Ham(For 1/150g/Minimum order of 2)','9000');
insert into Menu values('3010000-101-1971-02934','Bacon(For 1/150g/Minimum order of 2)','9000');
insert into Menu values('3010000-101-1971-02934','Sausage(For 1/150g/Minimum order of 2)','9000');
insert into Menu values('3010000-101-1971-02934','Tenderloin Steak(For 1/150g/Minimum order of 2)','36000');
insert into Menu values('3010000-101-1971-02934','Beverages','2000');
insert into Menu values('3010000-101-1971-02934','Soju','4000');
insert into Menu values('3010000-101-1971-02934','Beer','5000');
insert into Menu values('3010000-101-1971-02934','Unrefined Rice Wine','4000');
insert into Menu values('3010000-101-1971-02934','Chungha (Refined Rice Wine)','5000');
insert into Menu values('3010000-101-1967-07132','Mapo Grilled Pork Galbi(250g)','15000');
insert into Menu values('3010000-101-1967-07132','Geonjo Sukseong Samgyeopsal(170g)','15000');
insert into Menu values('3010000-101-1967-07132','Bulgogi(150g/Minimum order of 2)','16000');
insert into Menu values('3010000-101-1967-07132','Meong Seokgalbi(1 rib)','30000');
insert into Menu values('3010000-101-1967-07132','Strip Loin(150g)','38000');
insert into Menu values('3010000-101-1967-07132','Beef Brisket(150g)','28000');
insert into Menu values('3160000-101-1985-00406','Galbi Soup','16000');
insert into Menu values('3160000-101-1985-00406','Spicy Beef and Galbi Soup','18000');
insert into Menu values('3160000-101-1985-00406','Soybean Paste Jjigae','11000');
insert into Menu values('3160000-101-1985-00406','Scorched Rice','12000');
insert into Menu values('3160000-101-1985-00406','Cold Buckwheat Noodles','15000');
